path,bytes,sha256,reason
release_package/04_数据与知识资源/unstructured_pipeline_snapshot/batch2_60/clean_txt/B2_001_甘肃科技金融护航科技企业发展_c138e0b121.txt,180,d930d9013be18a521b868439130c75d1f85d02751a6b0c182348be186e33bb90,third_party_raw_fulltext_redistribution_not_established
release_package/04_数据与知识资源/unstructured_pipeline_snapshot/batch2_60/clean_txt/B2_002_中国银行甘肃省分行赋能地方高质量发展纪实_f3e79ad7b5.txt,224,51d5ae17f43c5204ac7ff3badec378beac4e8f24743a540731a3c051f26ba2d1,third_party_raw_fulltext_redistribution_not_established
release_package/04_数据与知识资源/unstructured_pipeline_snapshot/batch2_60/clean_txt/B2_003_甘肃做好科技金融大文章为科技创新注入金融动能_1cd913cf49.txt,4567,6e9f0a73c84a61ada140d75415e25191d4bfd0dbede7e3f0e467ec963aaf1e78,third_party_raw_fulltext_redistribution_not_established
release_package/04_数据与知识资源/unstructured_pipeline_snapshot/batch2_60/clean_txt/B2_004_甘肃科创类贷款余额突破600亿_c149f59f4e.txt,6941,36d0585bef6535deb3b55d59f2fe6284ba06750af58ca1c807b50eccf908aedb,third_party_raw_fulltext_redistribution_not_established
release_package/04_数据与知识资源/unstructured_pipeline_snapshot/batch2_60/clean_txt/B2_006_甘肃金融活水为科技企业解近渴_584f512c03.txt,7278,731c3131f5dcf3eb98a2557188ec1cacdd0e1758ddb4a2dd061b07ae51e19fe1,third_party_raw_fulltext_redistribution_not_established
release_package/04_数据与知识资源/unstructured_pipeline_snapshot/batch2_60/clean_txt/B2_007_银行业保险业科技金融高质量发展实施方案转载_6fa219ead1.txt,203,c05f995e92bef2a99596d3f22c2861f5c70764b66a8fe000e8315385cbeb59e8,third_party_raw_fulltext_redistribution_not_established
release_package/04_数据与知识资源/unstructured_pipeline_snapshot/batch2_60/clean_txt/B2_008_甘肃省知识产权质押融资银企对接暨知惠行专项活动启动会_dc8072eb60.txt,222,90dfacbe9a4e31761299c3836e28fcb2290425789afc411061fda30cf785f70a,third_party_raw_fulltext_redistribution_not_established
release_package/04_数据与知识资源/unstructured_pipeline_snapshot/batch2_60/clean_txt/B2_009_甘肃银行推出科技贷助力强科技行动_3e56bff612.txt,1623,b740770468cfb092f4b65eca6d3ea3c8e172e922bda84b9cb0851ca062018948,third_party_raw_fulltext_redistribution_not_established
release_package/04_数据与知识资源/unstructured_pipeline_snapshot/batch2_60/clean_txt/B2_010_甘肃银行甘银惠知贷首单业务落地_e2d85ec7d3.txt,2367,2059529926abf971ae7066163c9383751793abc605d72cf6550f8d973e0e8bb9,third_party_raw_fulltext_redistribution_not_established
release_package/04_数据与知识资源/unstructured_pipeline_snapshot/batch2_60/clean_txt/B2_011_甘肃银行科技贷产品页_45e901fc9e.txt,3221,30bc6f0fcdcb6641fa0cdcbded4db60a468470f2a7314135dcb512f6acac2ad7,third_party_raw_fulltext_redistribution_not_established
release_package/04_数据与知识资源/unstructured_pipeline_snapshot/batch2_60/clean_txt/B2_012_甘肃银行普惠金融产品页_c6a9ab2722.txt,3822,91d55418d9b0eb2abd59fa011e04f927823ee110c7696a82a7514027e8843213,third_party_raw_fulltext_redistribution_not_established
release_package/04_数据与知识资源/unstructured_pipeline_snapshot/batch2_60/clean_txt/B2_013_甘肃银行科技增信贷产品助力科技企业发展_e0cf753487.txt,1511,67231947b499e9fa166fe01ff618a33a8e38a6fb4e8125976ccc2bad884fdd44,third_party_raw_fulltext_redistribution_not_established
release_package/04_数据与知识资源/unstructured_pipeline_snapshot/batch2_60/clean_txt/B2_014_甘肃银行助力地方经济社会高质量发展_3dd13a9244.txt,20408,4c0487c6d8abf9e76ced87686c4ce9f71b5f4af0550955b407882f3983e5834d,third_party_raw_fulltext_redistribution_not_established
release_package/04_数据与知识资源/unstructured_pipeline_snapshot/batch2_60/clean_txt/B2_015_甘肃银行科技金融与科技贷款情况_e2fc9d6edb.txt,5332,b6e6e3a38b69134a661ef6b3a773d9e6cbb1512573e01b0d1cd7a3ce2cf3c158,third_party_raw_fulltext_redistribution_not_established
release_package/04_数据与知识资源/unstructured_pipeline_snapshot/batch2_60/clean_txt/B2_016_甘肃银行扶持小微企业发展篇_4f0ccd4125.txt,4472,14cef850cc7a4ed0f93925053cdc74eb0ecdfd6b3731873fbcd542a8c0d02075,third_party_raw_fulltext_redistribution_not_established
release_package/04_数据与知识资源/unstructured_pipeline_snapshot/batch2_60/clean_txt/B2_017_甘肃银行服务地方经济建设篇_8ba7f0a4ec.txt,7464,ef5aeec8856ae20f147aa013351d49524faad9e77215fce66ec43871de147694,third_party_raw_fulltext_redistribution_not_established
release_package/04_数据与知识资源/unstructured_pipeline_snapshot/batch2_60/clean_txt/B2_018_甘肃银行一季度累计投放贷款逾300亿元_7528819d83.txt,2708,a47d297d6446d3b931625798bea4ece5668e03b0360ded802c09d2e190f2ed9b,third_party_raw_fulltext_redistribution_not_established
release_package/04_数据与知识资源/unstructured_pipeline_snapshot/batch2_60/clean_txt/B2_019_甘肃银行推出22条措施助力稳经济促发展_da7f6c3fc5.txt,4256,49807424ee372d3d9936a40b8ef72cc717b3f9df2b21984010edb6b43047e520,third_party_raw_fulltext_redistribution_not_established
release_package/04_数据与知识资源/unstructured_pipeline_snapshot/batch2_60/clean_txt/B2_020_甘肃省打造全国区域性科技创新及转化基地行动方案_050d62bedb.txt,18927,fd0003bdf396de4ae8914afde1766db78ee7b7c9fa670d4c2cac58c3db42a247,third_party_raw_fulltext_redistribution_not_established
release_package/04_数据与知识资源/unstructured_pipeline_snapshot/batch2_60/clean_txt/B2_021_甘肃省人民政府金融支持和服务实体经济工作情况报告_3db2874915.txt,895,bcdc5765ed7f3857fb0929e32c2026c8888f6399f158c336824799dc21a67daa,third_party_raw_fulltext_redistribution_not_established
release_package/04_数据与知识资源/unstructured_pipeline_snapshot/batch2_60/clean_txt/B2_023_甘肃省培育壮大高技术高成长性高附加值企业行动方案政府版_75d460c081.txt,223,673a802c52fb8ae080006943776b254176550e8cd8303db69bedf205a40e3c6d,third_party_raw_fulltext_redistribution_not_established
release_package/04_数据与知识资源/unstructured_pipeline_snapshot/batch2_60/clean_txt/B2_024_甘肃推进支持小微企业融资协调工作机制落地见效_9e019609a6.txt,208,e7817952e7c04070a081f00bf2adc9fe92d4685d6ea4be543aabec9a80f9ec5b,third_party_raw_fulltext_redistribution_not_established
release_package/04_数据与知识资源/unstructured_pipeline_snapshot/batch2_60/clean_txt/B2_025_2025年甘肃省金融运行情况新闻发布会实录_6ff9292761.txt,197,42855c288f1c593e6aae0996f44d2ce2316757aa719712e32f1c6ff26876ce80,third_party_raw_fulltext_redistribution_not_established
release_package/04_数据与知识资源/unstructured_pipeline_snapshot/batch2_60/clean_txt/B2_026_甘肃省十四五时期科技创新发展成就新闻发布会实录_38b0d550dc.txt,207,458c40ea90f5525e3dabce8743f4c9b9f346d5ba564c876123f388b31317bd15,third_party_raw_fulltext_redistribution_not_established
release_package/04_数据与知识资源/unstructured_pipeline_snapshot/batch2_60/clean_txt/B2_028_2024年全省金融机构新增贷款1506亿元_d726221327.txt,186,5affddb2fc0c8e280a43666b56b7cf144623e5b43d4060a05bdead69c5b273a3,third_party_raw_fulltext_redistribution_not_established
release_package/04_数据与知识资源/unstructured_pipeline_snapshot/batch2_60/clean_txt/B2_029_甘肃省推出20亿元再贷款助力科技型小微企业_e79e352ced.txt,199,3f7e775ae2dcafe8ec3b1fad9d7ec1a0e8d23e356473fcc212f4cf9e51d39586,third_party_raw_fulltext_redistribution_not_established
release_package/04_数据与知识资源/unstructured_pipeline_snapshot/batch2_60/clean_txt/B2_030_甘肃制定方案为科技企业成长提供金动力_b94072d80e.txt,3051,07bc20f66bed3f3258db7115aa4cc15ab81a5928154dce4506c07f2aad50baeb,third_party_raw_fulltext_redistribution_not_established
release_package/04_数据与知识资源/unstructured_pipeline_snapshot/batch2_60/clean_txt/B2_031_甘肃科技金融护航计划出炉_4a650574f3.txt,2865,71b7f3c5e64cea5557f5b57cc707b8a388e796a600df4a1e09371794c2ede9de,third_party_raw_fulltext_redistribution_not_established
release_package/04_数据与知识资源/unstructured_pipeline_snapshot/batch2_60/clean_txt/B2_032_金融活水精准滴灌共绘陇原科创同心圆_142be2a238.txt,189,e40767e4b08d85e6545c57845df1e37b039a7432a5b33bf6658bc5c718c32f5b,third_party_raw_fulltext_redistribution_not_established
release_package/04_数据与知识资源/unstructured_pipeline_snapshot/batch2_60/clean_txt/B2_033_酒泉金融活水精准滴灌科技创新动能_df28d5c3a2.txt,190,2eacc487a4cdb180fda30e60d2a20abc560b8f1ecacbfdd0123b42cc82d837e3,third_party_raw_fulltext_redistribution_not_established
release_package/04_数据与知识资源/unstructured_pipeline_snapshot/batch2_60/clean_txt/B2_034_金昌强科技驱动高质量发展纪实_baaf5b99ec.txt,184,1a839764c065542fa2c8cfa38c0016add6bcf93be1a777941cd964df69662ba9,third_party_raw_fulltext_redistribution_not_established
release_package/04_数据与知识资源/unstructured_pipeline_snapshot/batch2_60/clean_txt/B2_035_甘南科技金融沙龙为科技型企业纾困赋能_d90ca53ee7.txt,196,e3a886acb7890a43db1795fd8f9eef6ddaf94511670fed5e2bdf6b697faa8cc0,third_party_raw_fulltext_redistribution_not_established
release_package/04_数据与知识资源/unstructured_pipeline_snapshot/batch2_60/clean_txt/B2_036_武威首笔知识产权质押贷款落地_b0ae11da77.txt,185,0c5607ea1b9e2ef6872d9cc508a28a4ee83582407d4d03570a58d544deeb7af7,third_party_raw_fulltext_redistribution_not_established
release_package/04_数据与知识资源/unstructured_pipeline_snapshot/batch2_60/clean_txt/B2_038_武威政银协同送服务科技金融助企行_ce603699f7.txt,190,734717cb90aaad2887cf22a2aa4202fac530d328cc186bf158cd45e46fea4723,third_party_raw_fulltext_redistribution_not_established
release_package/04_数据与知识资源/unstructured_pipeline_snapshot/batch2_60/clean_txt/B2_039_武威科技金融赋能新质生产力发展_75c0894e11.txt,187,8b40a9a12842a37c51e3aa733d8e9b1dceeaa66a139e6c4d792da1af3aab7752,third_party_raw_fulltext_redistribution_not_established
release_package/04_数据与知识资源/unstructured_pipeline_snapshot/batch2_60/clean_txt/B2_040_武威创新积分制助力企业创新发展_aee8428afb.txt,187,8d23f9e1ad7fefd60d67134c8156d616628d3eb4a63e15cfef1ac2b3d66437fb,third_party_raw_fulltext_redistribution_not_established
release_package/04_数据与知识资源/unstructured_pipeline_snapshot/batch2_60/clean_txt/B2_041_兰州市97家企业成为科技创新再贷款备选企业_9e6f1287b9.txt,201,717167d294497d06be4ff254f9498eb598b3056f20785cb2fb852ddf5f9e7fc9,third_party_raw_fulltext_redistribution_not_established
release_package/04_数据与知识资源/unstructured_pipeline_snapshot/batch2_60/clean_txt/B2_043_兰州市科技创新企业融资对接会召开_f66e315dd7.txt,3852,3a3428b019befe1775fbd0b5b3aa9cec1d29003fa831ee775a8ba5fe7f2aa8a7,third_party_raw_fulltext_redistribution_not_established
release_package/04_数据与知识资源/unstructured_pipeline_snapshot/batch2_60/clean_txt/B2_044_兰州高新区企业入选科技创新再贷款备选名单_b557b4869a.txt,202,8cba7fdf1c10ff0be4961a4458a629394cd9c44e8e00d41ae81fd9e431290ceb,third_party_raw_fulltext_redistribution_not_established
release_package/04_数据与知识资源/unstructured_pipeline_snapshot/batch2_60/clean_txt/B2_045_嘉峪关科技赋能金融助力政银企担融资对接会_f1eecd66a1.txt,205,e1a5c38598c651ed786a74d7a673cc5d4da566f03e3a320cc040226bff0b5fe5,third_party_raw_fulltext_redistribution_not_established
release_package/04_数据与知识资源/unstructured_pipeline_snapshot/batch2_60/clean_txt/B2_046_嘉峪关市市场监管局推进知识产权质押融资工作_2f0818969c.txt,210,261919162743268eee0fab7f61a2d0649a29bd6f50696d54793be52a716d2674,third_party_raw_fulltext_redistribution_not_established
release_package/04_数据与知识资源/unstructured_pipeline_snapshot/batch2_60/clean_txt/B2_047_安宁区市场监管局召开知识产权质押融资政银企对接会_aecadd7aaa.txt,216,69da0a2988969cfb8a099909b975fa015a659e5f3ba3a8cb5bf0ca0516a1a7f6,third_party_raw_fulltext_redistribution_not_established
release_package/04_数据与知识资源/unstructured_pipeline_snapshot/batch2_60/clean_txt/B2_048_西固区知识产权质押融资服务活动_030dbc3f85.txt,189,69edb26f8f8c63b848582a94bba94e23db015740642d7e973fc12b49d27baac1,third_party_raw_fulltext_redistribution_not_established
release_package/04_数据与知识资源/unstructured_pipeline_snapshot/batch2_60/clean_txt/B2_050_组织申报2024年度企业专利质押融资奖补通知_8e2c331e8f.txt,200,0954a4066adbb1a015d54083466c066724eb61345f52037653c53d6bad5269f2,third_party_raw_fulltext_redistribution_not_established
release_package/04_数据与知识资源/unstructured_pipeline_snapshot/batch2_60/clean_txt/B2_051_组织申报2023年度企业专利质押融资奖补通知_6cc9dd5b90.txt,200,e49c31900077c57bcc079d68deaa7a0d13f605d070954836f857faf3149b5261,third_party_raw_fulltext_redistribution_not_established
release_package/04_数据与知识资源/unstructured_pipeline_snapshot/batch2_60/clean_txt/B2_052_甘南州专利质押融资工作实现新突破_a309881966.txt,193,c09b43ea1fff4eba378034c20789a761545d64618481a27ce536436df6c826be,third_party_raw_fulltext_redistribution_not_established
release_package/04_数据与知识资源/unstructured_pipeline_snapshot/batch2_60/clean_txt/B2_053_甘南州专利质押融资实现零的突破_11436d2ac0.txt,1407,608eb3f4e170109b3c0d6986b554e1f0b474d0135abb7cc49b536067c7e9fd32,third_party_raw_fulltext_redistribution_not_established
release_package/04_数据与知识资源/unstructured_pipeline_snapshot/batch2_60/clean_txt/B2_054_临夏州首笔专利权质押融资落地_1ae6128583.txt,1655,b693654044ef7261888f77a01bf88cfa6d38f158cacc62bcbf9b3e27e3e02377,third_party_raw_fulltext_redistribution_not_established
release_package/04_数据与知识资源/unstructured_pipeline_snapshot/batch2_60/clean_txt/B2_055_白银孵化器首例知识产权质押融资成功落地_d7695857e5.txt,2655,ab32def37b38f1cec645f10f6a9fde548c42715cfec04ec51a2ecc47be67909a,third_party_raw_fulltext_redistribution_not_established
release_package/04_数据与知识资源/unstructured_pipeline_snapshot/batch2_60/clean_txt/B2_057_天水2025年度强科技行动十件大事_26806b9d28.txt,185,470726e68e203329d71d70bb71d2ac97df9e3cfcda89a1c02025b643f21ac082,third_party_raw_fulltext_redistribution_not_established
release_package/04_数据与知识资源/unstructured_pipeline_snapshot/batch2_60/clean_txt/B2_058_2025年度天水市强科技行动十件大事_1903bcdc15.txt,8629,ae03605043ad01225874fa64783ae335077bd58a18a8227fe24353e56eb70e29,third_party_raw_fulltext_redistribution_not_established
release_package/04_数据与知识资源/unstructured_pipeline_snapshot/batch2_60/clean_txt/B2_059_天水2024年度强科技行动十件大事_437714802b.txt,185,0830a859443d7fe99b4fd80dae17c3c6fa7bdd413c8813f6ba6058dba2b0f3bf,third_party_raw_fulltext_redistribution_not_established
release_package/04_数据与知识资源/unstructured_pipeline_snapshot/batch2_60/clean_txt/B2_060_甘南州科技局联合邮储银行召开科技型企业融资对接会_fe287805de.txt,214,b68245e7e11933077fc3cfd9764139292c6cc901875fb4924db9d546fe27225e,third_party_raw_fulltext_redistribution_not_established
release_package/04_数据与知识资源/unstructured_pipeline_snapshot/batch2_60/clean_txt/B2_061_全国区域性科技创新及转化基地新闻发布会_efd90817f7.txt,197,d16f4a2f655088eb672cf636308fa1b9bdbed762038925a63ad9e52eaf3c257f,third_party_raw_fulltext_redistribution_not_established
release_package/04_数据与知识资源/unstructured_pipeline_snapshot/batch2_60/clean_txt/B2_062_张掖搭建政银企对接平台助力专精特新发展_4d7a2c76fa.txt,2660,99ff1104ea3ed6c2a8065006330404cfdf332ad29c2b70129d9202f35b9159b7,third_party_raw_fulltext_redistribution_not_established
release_package/04_数据与知识资源/unstructured_pipeline_snapshot/batch2_60/raw_html/B2_001_甘肃科技金融护航科技企业发展_c138e0b121.html,6369,d56eda71ade7dc1352411e8865c5444abe7dc6fb1dc5f92bdb13dffd08391d4f,third_party_raw_fulltext_redistribution_not_established
release_package/04_数据与知识资源/unstructured_pipeline_snapshot/batch2_60/raw_html/B2_002_中国银行甘肃省分行赋能地方高质量发展纪实_f3e79ad7b5.html,6397,caf3606c36f4cd7f0c51027b85c77e2bc6f023b593c0802be1cbe0e076d1f126,third_party_raw_fulltext_redistribution_not_established
release_package/04_数据与知识资源/unstructured_pipeline_snapshot/batch2_60/raw_html/B2_003_甘肃做好科技金融大文章为科技创新注入金融动能_1cd913cf49.html,27700,ba2fc10b049fb5bc705942254cd22cfa4e1e76ac872b84d39bdb4968d9124412,third_party_raw_fulltext_redistribution_not_established
release_package/04_数据与知识资源/unstructured_pipeline_snapshot/batch2_60/raw_html/B2_004_甘肃科创类贷款余额突破600亿_c149f59f4e.html,22233,67d1166974efcadf597cfa65c86b98d7da3cb5f986bf19c29f1892b6e2b1a290,third_party_raw_fulltext_redistribution_not_established
release_package/04_数据与知识资源/unstructured_pipeline_snapshot/batch2_60/raw_html/B2_006_甘肃金融活水为科技企业解近渴_584f512c03.html,37699,617bd5d2f4c2b7665480f71585e3d0fb5d1b5e5affc314b26de71840a398daaf,third_party_raw_fulltext_redistribution_not_established
release_package/04_数据与知识资源/unstructured_pipeline_snapshot/batch2_60/raw_html/B2_007_银行业保险业科技金融高质量发展实施方案转载_6fa219ead1.html,6354,697ecaa46d68e2b5be47aeb5851ec7931f296cfa796242b8b641222c2925ef6b,third_party_raw_fulltext_redistribution_not_established
release_package/04_数据与知识资源/unstructured_pipeline_snapshot/batch2_60/raw_html/B2_008_甘肃省知识产权质押融资银企对接暨知惠行专项活动启动会_dc8072eb60.html,6338,f681ce10f579ca7a03be41c6d462cda06da3e11f87ec49686229a08473fbd964,third_party_raw_fulltext_redistribution_not_established
release_package/04_数据与知识资源/unstructured_pipeline_snapshot/batch2_60/raw_html/B2_009_甘肃银行推出科技贷助力强科技行动_3e56bff612.html,72040,e5b27c1da12f47a2bad905bf0081c3aafbce8823200c3638955094c25df0945e,third_party_raw_fulltext_redistribution_not_established
release_package/04_数据与知识资源/unstructured_pipeline_snapshot/batch2_60/raw_html/B2_010_甘肃银行甘银惠知贷首单业务落地_e2d85ec7d3.html,72781,49dbd82ecbcae65d657e6e11c69a01f99cd5a0a325bcf1906f18b70c8950d885,third_party_raw_fulltext_redistribution_not_established
release_package/04_数据与知识资源/unstructured_pipeline_snapshot/batch2_60/raw_html/B2_011_甘肃银行科技贷产品页_45e901fc9e.html,80847,2fae0d2eba4e44f735db4a42f0f0d7c6329ba472accde358d81c61201f94f42b,third_party_raw_fulltext_redistribution_not_established
release_package/04_数据与知识资源/unstructured_pipeline_snapshot/batch2_60/raw_html/B2_012_甘肃银行普惠金融产品页_c6a9ab2722.html,78626,76d065a29846e34b5f576c0d7a2575df3515ebe1332fb4c2505a99d83cf988c0,third_party_raw_fulltext_redistribution_not_established
release_package/04_数据与知识资源/unstructured_pipeline_snapshot/batch2_60/raw_html/B2_013_甘肃银行科技增信贷产品助力科技企业发展_e0cf753487.html,71832,2c5bf8bc0a063b1d71a5e664b49c27493d87c361ed2016cc84e17d2635503a8f,third_party_raw_fulltext_redistribution_not_established
release_package/04_数据与知识资源/unstructured_pipeline_snapshot/batch2_60/raw_html/B2_014_甘肃银行助力地方经济社会高质量发展_3dd13a9244.html,97586,987608a2068fafe88736347a7f8c3937c2b8765fbc321f17c0740a93018f7f1b,third_party_raw_fulltext_redistribution_not_established
release_package/04_数据与知识资源/unstructured_pipeline_snapshot/batch2_60/raw_html/B2_015_甘肃银行科技金融与科技贷款情况_e2fc9d6edb.html,94733,ba9f9a4ec8b6db643384c2af76550cf4658f832aebb429028b36b604edb076ec,third_party_raw_fulltext_redistribution_not_established
release_package/04_数据与知识资源/unstructured_pipeline_snapshot/batch2_60/raw_html/B2_016_甘肃银行扶持小微企业发展篇_4f0ccd4125.html,75854,5b7120e24b860f4e76ee609be9bcfc9f54643756138c130d2584849118890c58,third_party_raw_fulltext_redistribution_not_established
release_package/04_数据与知识资源/unstructured_pipeline_snapshot/batch2_60/raw_html/B2_017_甘肃银行服务地方经济建设篇_8ba7f0a4ec.html,79133,0bf1f58fd58eb4a3a721d5ad018fe59604ebf72abb1556f7a90b0b2deb7c3eb4,third_party_raw_fulltext_redistribution_not_established
release_package/04_数据与知识资源/unstructured_pipeline_snapshot/batch2_60/raw_html/B2_018_甘肃银行一季度累计投放贷款逾300亿元_7528819d83.html,73972,157cc5b5380808202dba68c6d2c445d881d91b38b53fd2fc20f562855be87beb,third_party_raw_fulltext_redistribution_not_established
release_package/04_数据与知识资源/unstructured_pipeline_snapshot/batch2_60/raw_html/B2_019_甘肃银行推出22条措施助力稳经济促发展_da7f6c3fc5.html,74650,5e87331ee5f704fb06ee344ba9fe6dbe21897d1ff5429830dd03fe1e01bd8455,third_party_raw_fulltext_redistribution_not_established
release_package/04_数据与知识资源/unstructured_pipeline_snapshot/batch2_60/raw_html/B2_020_甘肃省打造全国区域性科技创新及转化基地行动方案_050d62bedb.html,41212,e4a04250190defce9aabdeb556a77d4b3bb47f0a4e3e7a6f3ce481c9f2b35250,third_party_raw_fulltext_redistribution_not_established
release_package/04_数据与知识资源/unstructured_pipeline_snapshot/batch2_60/raw_html/B2_021_甘肃省人民政府金融支持和服务实体经济工作情况报告_3db2874915.html,7439,9cbd70e9787f663e8c08a458908ebf53f232135959be3f40819f0d8ec3bad8ca,third_party_raw_fulltext_redistribution_not_established
release_package/04_数据与知识资源/unstructured_pipeline_snapshot/batch2_60/raw_html/B2_023_甘肃省培育壮大高技术高成长性高附加值企业行动方案政府版_75d460c081.html,6346,f91619f49f99c9d0d1b62f696c87abe7975d12bcf152002eb93c6d46abc01d6d,third_party_raw_fulltext_redistribution_not_established
release_package/04_数据与知识资源/unstructured_pipeline_snapshot/batch2_60/raw_html/B2_024_甘肃推进支持小微企业融资协调工作机制落地见效_9e019609a6.html,6408,27b70fd594bcc825e0907bd69fc96729cd7491b71eba9618cb7914c8f22bd665,third_party_raw_fulltext_redistribution_not_established
release_package/04_数据与知识资源/unstructured_pipeline_snapshot/batch2_60/raw_html/B2_025_2025年甘肃省金融运行情况新闻发布会实录_6ff9292761.html,6426,b9eda50cdb70db17470057465a37843e6bcf020bf209d98679a0255c2cc67f1e,third_party_raw_fulltext_redistribution_not_established
release_package/04_数据与知识资源/unstructured_pipeline_snapshot/batch2_60/raw_html/B2_026_甘肃省十四五时期科技创新发展成就新闻发布会实录_38b0d550dc.html,6348,9b3eea79b178c290298f4a7acd528d7c65b07e81d42a5892c0d7fd7936da82d5,third_party_raw_fulltext_redistribution_not_established
release_package/04_数据与知识资源/unstructured_pipeline_snapshot/batch2_60/raw_html/B2_028_2024年全省金融机构新增贷款1506亿元_d726221327.html,6374,a6e3d5b707f53b302d042123853ee013f26a69490acae4d1b3289244cd232c7c,third_party_raw_fulltext_redistribution_not_established
release_package/04_数据与知识资源/unstructured_pipeline_snapshot/batch2_60/raw_html/B2_029_甘肃省推出20亿元再贷款助力科技型小微企业_e79e352ced.html,6368,e2570be020c42b0cd9117cf7bdf11ca9855b90907596fb1c57f2fe87b90dee1b,third_party_raw_fulltext_redistribution_not_established
release_package/04_数据与知识资源/unstructured_pipeline_snapshot/batch2_60/raw_html/B2_030_甘肃制定方案为科技企业成长提供金动力_b94072d80e.html,33478,51c798f50e6e71bd27f28ac551d667d3085be86d5ccdd5d433c08bfd20c0af24,third_party_raw_fulltext_redistribution_not_established
release_package/04_数据与知识资源/unstructured_pipeline_snapshot/batch2_60/raw_html/B2_031_甘肃科技金融护航计划出炉_4a650574f3.html,37966,e693f89f13e3f46696025e177f311c5dd58d1cfd30f6c8f559777825593066c0,third_party_raw_fulltext_redistribution_not_established
release_package/04_数据与知识资源/unstructured_pipeline_snapshot/batch2_60/raw_html/B2_032_金融活水精准滴灌共绘陇原科创同心圆_142be2a238.html,6348,0a15ab49a9800cde15a3bdbdb2ea3e93f2dfaf7623c9391cf005aac49a4153a3,third_party_raw_fulltext_redistribution_not_established
release_package/04_数据与知识资源/unstructured_pipeline_snapshot/batch2_60/raw_html/B2_033_酒泉金融活水精准滴灌科技创新动能_df28d5c3a2.html,6369,0593c96a23d3419c2319523312a6fbcd8a311151c1870ea6438c8d6e19d8da7e,third_party_raw_fulltext_redistribution_not_established
release_package/04_数据与知识资源/unstructured_pipeline_snapshot/batch2_60/raw_html/B2_034_金昌强科技驱动高质量发展纪实_baaf5b99ec.html,6374,0d1b0ef37f9df4c8c144e38097e6a8038200dc464c2818a795ac02fee121fc1b,third_party_raw_fulltext_redistribution_not_established
release_package/04_数据与知识资源/unstructured_pipeline_snapshot/batch2_60/raw_html/B2_035_甘南科技金融沙龙为科技型企业纾困赋能_d90ca53ee7.html,6381,a82c52cf7f4faaa00020ef17f7a7b53817e80e5eb3a815eb5ccfaf6bc63098c4,third_party_raw_fulltext_redistribution_not_established
release_package/04_数据与知识资源/unstructured_pipeline_snapshot/batch2_60/raw_html/B2_036_武威首笔知识产权质押贷款落地_b0ae11da77.html,6384,a141dff53c637fb080c0068d3d039500345ff3cb4785ee9143d5de931fdf8cb3,third_party_raw_fulltext_redistribution_not_established
release_package/04_数据与知识资源/unstructured_pipeline_snapshot/batch2_60/raw_html/B2_038_武威政银协同送服务科技金融助企行_ce603699f7.html,6340,f97fbe0155b3c22aca34880a75f44b79ca0c98d21816e417341638bc8f219b5d,third_party_raw_fulltext_redistribution_not_established
release_package/04_数据与知识资源/unstructured_pipeline_snapshot/batch2_60/raw_html/B2_039_武威科技金融赋能新质生产力发展_75c0894e11.html,6380,a10ceec728aa228517835ee4b26db032a76cf087249003d17e52ac0a54876b8b,third_party_raw_fulltext_redistribution_not_established
release_package/04_数据与知识资源/unstructured_pipeline_snapshot/batch2_60/raw_html/B2_040_武威创新积分制助力企业创新发展_aee8428afb.html,6376,334246a325e38742e4efa5b749abad17937b8c2b43043444d960aa4f7bd29d4c,third_party_raw_fulltext_redistribution_not_established
release_package/04_数据与知识资源/unstructured_pipeline_snapshot/batch2_60/raw_html/B2_041_兰州市97家企业成为科技创新再贷款备选企业_9e6f1287b9.html,6348,297ef3985f5c8c4cef13f53172cca88747800525c0d5ebd7fdb4d70c639cea1d,third_party_raw_fulltext_redistribution_not_established
release_package/04_数据与知识资源/unstructured_pipeline_snapshot/batch2_60/raw_html/B2_043_兰州市科技创新企业融资对接会召开_f66e315dd7.html,18039,a44b5b5b25473987a9fed6295935f827435924feeac0a0ed209bcc155d5f7b65,third_party_raw_fulltext_redistribution_not_established
release_package/04_数据与知识资源/unstructured_pipeline_snapshot/batch2_60/raw_html/B2_044_兰州高新区企业入选科技创新再贷款备选名单_b557b4869a.html,6340,99614b8722c1ab988866cda5fd5c4e28609a607a073c0a6a7846505d7b1db35f,third_party_raw_fulltext_redistribution_not_established
release_package/04_数据与知识资源/unstructured_pipeline_snapshot/batch2_60/raw_html/B2_045_嘉峪关科技赋能金融助力政银企担融资对接会_f1eecd66a1.html,6438,b3c348b5878905e8c5954595e3177d8b0983d596af341e724ada5ef60b66d218,third_party_raw_fulltext_redistribution_not_established
release_package/04_数据与知识资源/unstructured_pipeline_snapshot/batch2_60/raw_html/B2_046_嘉峪关市市场监管局推进知识产权质押融资工作_2f0818969c.html,6373,d2adeeaaa247953f1d3112a73897a3859eaf0ca6656ad89ef6dc08d19b22b823,third_party_raw_fulltext_redistribution_not_established
release_package/04_数据与知识资源/unstructured_pipeline_snapshot/batch2_60/raw_html/B2_047_安宁区市场监管局召开知识产权质押融资政银企对接会_aecadd7aaa.html,6438,f82d6a6e6fbd2f94fe3a09624f3276be5bacb17ed10a4746ca64d8588ca03dc1,third_party_raw_fulltext_redistribution_not_established
release_package/04_数据与知识资源/unstructured_pipeline_snapshot/batch2_60/raw_html/B2_048_西固区知识产权质押融资服务活动_030dbc3f85.html,6380,a040146789a51d41830bda82da3b9c87a855b9c72bf45f6630d88f0f78cca136,third_party_raw_fulltext_redistribution_not_established
release_package/04_数据与知识资源/unstructured_pipeline_snapshot/batch2_60/raw_html/B2_050_组织申报2024年度企业专利质押融资奖补通知_8e2c331e8f.html,6381,dfa219de1e1db5e0e51d81bcf73c7c07326f60d89da691136ac1c0525a23c188,third_party_raw_fulltext_redistribution_not_established
release_package/04_数据与知识资源/unstructured_pipeline_snapshot/batch2_60/raw_html/B2_051_组织申报2023年度企业专利质押融资奖补通知_6cc9dd5b90.html,6369,b53ff5b96b0c612f7ae285846c64dcd0a45aa6c9266d0f0030e6e71f707df2cd,third_party_raw_fulltext_redistribution_not_established
release_package/04_数据与知识资源/unstructured_pipeline_snapshot/batch2_60/raw_html/B2_052_甘南州专利质押融资工作实现新突破_a309881966.html,6353,6c1a31b9c6a65d94e01e322b2cc08b62b198f937198dd1b755427fab8f83c0f3,third_party_raw_fulltext_redistribution_not_established
release_package/04_数据与知识资源/unstructured_pipeline_snapshot/batch2_60/raw_html/B2_053_甘南州专利质押融资实现零的突破_11436d2ac0.html,48873,3a4d07954f7dc6cf589d66a43c17f4bb15494d57d3829a6b2a471340cc1f96b2,third_party_raw_fulltext_redistribution_not_established
release_package/04_数据与知识资源/unstructured_pipeline_snapshot/batch2_60/raw_html/B2_054_临夏州首笔专利权质押融资落地_1ae6128583.html,46054,62ee58ed1396e274a8a2f9f3293895376b1ff8f375e94723109796dcb14f0f33,third_party_raw_fulltext_redistribution_not_established
release_package/04_数据与知识资源/unstructured_pipeline_snapshot/batch2_60/raw_html/B2_055_白银孵化器首例知识产权质押融资成功落地_d7695857e5.html,9006,70ff3bf2903e51a9dcb43fdcfbc23af4cf90f255aea0e7820c8732df4ec9d046,third_party_raw_fulltext_redistribution_not_established
release_package/04_数据与知识资源/unstructured_pipeline_snapshot/batch2_60/raw_html/B2_057_天水2025年度强科技行动十件大事_26806b9d28.html,6345,70840abd12f1b751eab9a9d82eee313bc2838581b53580c0aa0c554cea2f5de6,third_party_raw_fulltext_redistribution_not_established
release_package/04_数据与知识资源/unstructured_pipeline_snapshot/batch2_60/raw_html/B2_058_2025年度天水市强科技行动十件大事_1903bcdc15.html,36736,7f557b9a614992ae33e7b186190546bd46919595486f2f1fb59b6088b9c1b832,third_party_raw_fulltext_redistribution_not_established
release_package/04_数据与知识资源/unstructured_pipeline_snapshot/batch2_60/raw_html/B2_059_天水2024年度强科技行动十件大事_437714802b.html,6402,5eb3ee9bbdef4893ec863c71d37fb01d6ee246ecc2a4fd9205837e436f822ce8,third_party_raw_fulltext_redistribution_not_established
release_package/04_数据与知识资源/unstructured_pipeline_snapshot/batch2_60/raw_html/B2_060_甘南州科技局联合邮储银行召开科技型企业融资对接会_fe287805de.html,6320,01bd73ff93d8dc4091a58cca608a9b03b7f94c6b9d3578de91d74264c456a5a2,third_party_raw_fulltext_redistribution_not_established
release_package/04_数据与知识资源/unstructured_pipeline_snapshot/batch2_60/raw_html/B2_061_全国区域性科技创新及转化基地新闻发布会_efd90817f7.html,6441,77a5a5266376476234723108f736697429ff1a4ce1662786c5dd7e414d09b0e2,third_party_raw_fulltext_redistribution_not_established
release_package/04_数据与知识资源/unstructured_pipeline_snapshot/batch2_60/raw_html/B2_062_张掖搭建政银企对接平台助力专精特新发展_4d7a2c76fa.html,39532,07ba67c8be0a8021f2df24c46f1d770df29f402764ad5214dd81207246e415b8,third_party_raw_fulltext_redistribution_not_established
release_package/04_数据与知识资源/unstructured_pipeline_snapshot/batch2_60/raw_txt/B2_001_甘肃科技金融护航科技企业发展_c138e0b121.txt,181,8d7fb509d4eb9e80a8c009086f1f1ba8b5fe24fb2839dda5e3fff9a26d081b17,third_party_raw_fulltext_redistribution_not_established
release_package/04_数据与知识资源/unstructured_pipeline_snapshot/batch2_60/raw_txt/B2_002_中国银行甘肃省分行赋能地方高质量发展纪实_f3e79ad7b5.txt,225,8da67533f9045e49456252ebb0adccf2306fff5842dfb18d19c4534f8a3686a1,third_party_raw_fulltext_redistribution_not_established
release_package/04_数据与知识资源/unstructured_pipeline_snapshot/batch2_60/raw_txt/B2_003_甘肃做好科技金融大文章为科技创新注入金融动能_1cd913cf49.txt,4567,6e9f0a73c84a61ada140d75415e25191d4bfd0dbede7e3f0e467ec963aaf1e78,third_party_raw_fulltext_redistribution_not_established
release_package/04_数据与知识资源/unstructured_pipeline_snapshot/batch2_60/raw_txt/B2_004_甘肃科创类贷款余额突破600亿_c149f59f4e.txt,7163,7459ce225a7598c7446e494bb42199512de9482b3d58b6387e1fc6a55c2c89f1,third_party_raw_fulltext_redistribution_not_established
release_package/04_数据与知识资源/unstructured_pipeline_snapshot/batch2_60/raw_txt/B2_006_甘肃金融活水为科技企业解近渴_584f512c03.txt,7278,731c3131f5dcf3eb98a2557188ec1cacdd0e1758ddb4a2dd061b07ae51e19fe1,third_party_raw_fulltext_redistribution_not_established
release_package/04_数据与知识资源/unstructured_pipeline_snapshot/batch2_60/raw_txt/B2_007_银行业保险业科技金融高质量发展实施方案转载_6fa219ead1.txt,204,1eccb13c4df0852cc23b5cb4ad0fba70c57eb12a78eb40e13d52b13e7fc48ca8,third_party_raw_fulltext_redistribution_not_established
release_package/04_数据与知识资源/unstructured_pipeline_snapshot/batch2_60/raw_txt/B2_008_甘肃省知识产权质押融资银企对接暨知惠行专项活动启动会_dc8072eb60.txt,223,537ed78bab5b93b548cd8c8494aa34f549fc03c9851658b6e712a213d58e0957,third_party_raw_fulltext_redistribution_not_established
release_package/04_数据与知识资源/unstructured_pipeline_snapshot/batch2_60/raw_txt/B2_009_甘肃银行推出科技贷助力强科技行动_3e56bff612.txt,1623,b740770468cfb092f4b65eca6d3ea3c8e172e922bda84b9cb0851ca062018948,third_party_raw_fulltext_redistribution_not_established
release_package/04_数据与知识资源/unstructured_pipeline_snapshot/batch2_60/raw_txt/B2_010_甘肃银行甘银惠知贷首单业务落地_e2d85ec7d3.txt,2367,2059529926abf971ae7066163c9383751793abc605d72cf6550f8d973e0e8bb9,third_party_raw_fulltext_redistribution_not_established
release_package/04_数据与知识资源/unstructured_pipeline_snapshot/batch2_60/raw_txt/B2_011_甘肃银行科技贷产品页_45e901fc9e.txt,4384,79e1257020e691c6315b5a702a12106944298fd73440ec23cdfe80a24b848ea9,third_party_raw_fulltext_redistribution_not_established
release_package/04_数据与知识资源/unstructured_pipeline_snapshot/batch2_60/raw_txt/B2_012_甘肃银行普惠金融产品页_c6a9ab2722.txt,5002,5a4091b56530dd3bebac65a7e095904e44bc379ebdc9923b6842c906fd1c81a4,third_party_raw_fulltext_redistribution_not_established
release_package/04_数据与知识资源/unstructured_pipeline_snapshot/batch2_60/raw_txt/B2_013_甘肃银行科技增信贷产品助力科技企业发展_e0cf753487.txt,1511,67231947b499e9fa166fe01ff618a33a8e38a6fb4e8125976ccc2bad884fdd44,third_party_raw_fulltext_redistribution_not_established
release_package/04_数据与知识资源/unstructured_pipeline_snapshot/batch2_60/raw_txt/B2_014_甘肃银行助力地方经济社会高质量发展_3dd13a9244.txt,20409,e590a1d31ec79b34580c3b9f527f7ef72db3022b0d32dc0b009d2088a2b17ff1,third_party_raw_fulltext_redistribution_not_established
release_package/04_数据与知识资源/unstructured_pipeline_snapshot/batch2_60/raw_txt/B2_015_甘肃银行科技金融与科技贷款情况_e2fc9d6edb.txt,5332,b6e6e3a38b69134a661ef6b3a773d9e6cbb1512573e01b0d1cd7a3ce2cf3c158,third_party_raw_fulltext_redistribution_not_established
release_package/04_数据与知识资源/unstructured_pipeline_snapshot/batch2_60/raw_txt/B2_016_甘肃银行扶持小微企业发展篇_4f0ccd4125.txt,4472,14cef850cc7a4ed0f93925053cdc74eb0ecdfd6b3731873fbcd542a8c0d02075,third_party_raw_fulltext_redistribution_not_established
release_package/04_数据与知识资源/unstructured_pipeline_snapshot/batch2_60/raw_txt/B2_017_甘肃银行服务地方经济建设篇_8ba7f0a4ec.txt,7464,ef5aeec8856ae20f147aa013351d49524faad9e77215fce66ec43871de147694,third_party_raw_fulltext_redistribution_not_established
release_package/04_数据与知识资源/unstructured_pipeline_snapshot/batch2_60/raw_txt/B2_018_甘肃银行一季度累计投放贷款逾300亿元_7528819d83.txt,2708,a47d297d6446d3b931625798bea4ece5668e03b0360ded802c09d2e190f2ed9b,third_party_raw_fulltext_redistribution_not_established
release_package/04_数据与知识资源/unstructured_pipeline_snapshot/batch2_60/raw_txt/B2_019_甘肃银行推出22条措施助力稳经济促发展_da7f6c3fc5.txt,4256,49807424ee372d3d9936a40b8ef72cc717b3f9df2b21984010edb6b43047e520,third_party_raw_fulltext_redistribution_not_established
release_package/04_数据与知识资源/unstructured_pipeline_snapshot/batch2_60/raw_txt/B2_020_甘肃省打造全国区域性科技创新及转化基地行动方案_050d62bedb.txt,18927,fd0003bdf396de4ae8914afde1766db78ee7b7c9fa670d4c2cac58c3db42a247,third_party_raw_fulltext_redistribution_not_established
release_package/04_数据与知识资源/unstructured_pipeline_snapshot/batch2_60/raw_txt/B2_021_甘肃省人民政府金融支持和服务实体经济工作情况报告_3db2874915.txt,922,638e8d6280fdebb69d53d037b727d71dd3132e2403a2f7f43c5ef64a95b6ac2f,third_party_raw_fulltext_redistribution_not_established
release_package/04_数据与知识资源/unstructured_pipeline_snapshot/batch2_60/raw_txt/B2_023_甘肃省培育壮大高技术高成长性高附加值企业行动方案政府版_75d460c081.txt,224,d6bf661b9bb8b938fe864c9c937656cde69d28b71e857b249b52dae1939e0f90,third_party_raw_fulltext_redistribution_not_established
release_package/04_数据与知识资源/unstructured_pipeline_snapshot/batch2_60/raw_txt/B2_024_甘肃推进支持小微企业融资协调工作机制落地见效_9e019609a6.txt,209,efaf834613a7c89b5676bc563f4e0aa75d9f547b793eae070863b981a3503b9e,third_party_raw_fulltext_redistribution_not_established
release_package/04_数据与知识资源/unstructured_pipeline_snapshot/batch2_60/raw_txt/B2_025_2025年甘肃省金融运行情况新闻发布会实录_6ff9292761.txt,198,2c78e2960a29eb2d0f40ac68c08b87af504522d1f754636513e5da4d4685b811,third_party_raw_fulltext_redistribution_not_established
release_package/04_数据与知识资源/unstructured_pipeline_snapshot/batch2_60/raw_txt/B2_026_甘肃省十四五时期科技创新发展成就新闻发布会实录_38b0d550dc.txt,208,0ecaf48d5c2a10b5554efa683989ceefba0db7d459ea1671d02cfef6dc09cc6a,third_party_raw_fulltext_redistribution_not_established
release_package/04_数据与知识资源/unstructured_pipeline_snapshot/batch2_60/raw_txt/B2_028_2024年全省金融机构新增贷款1506亿元_d726221327.txt,187,098642aa51d5027c5a13703fd8388ba1199700bc5403d5e2a4700da554aaf91d,third_party_raw_fulltext_redistribution_not_established
release_package/04_数据与知识资源/unstructured_pipeline_snapshot/batch2_60/raw_txt/B2_029_甘肃省推出20亿元再贷款助力科技型小微企业_e79e352ced.txt,200,262171e89c46124fd32af1f2ee34e9160122c7e68ecc6e460d50d216b913344b,third_party_raw_fulltext_redistribution_not_established
release_package/04_数据与知识资源/unstructured_pipeline_snapshot/batch2_60/raw_txt/B2_030_甘肃制定方案为科技企业成长提供金动力_b94072d80e.txt,3069,e772d646269a86ae29b5d62e7184715c5eda33887a17c6276280dc0058cb855b,third_party_raw_fulltext_redistribution_not_established
release_package/04_数据与知识资源/unstructured_pipeline_snapshot/batch2_60/raw_txt/B2_031_甘肃科技金融护航计划出炉_4a650574f3.txt,3151,6d87e096c8bd9b1a54c5267328f7dc6f270fe057375c2eba6d976c5919debd0a,third_party_raw_fulltext_redistribution_not_established
release_package/04_数据与知识资源/unstructured_pipeline_snapshot/batch2_60/raw_txt/B2_032_金融活水精准滴灌共绘陇原科创同心圆_142be2a238.txt,190,3e87b0dd85b703f77d30b18874424e80563d68768b298e9e68a6c63936f10621,third_party_raw_fulltext_redistribution_not_established
release_package/04_数据与知识资源/unstructured_pipeline_snapshot/batch2_60/raw_txt/B2_033_酒泉金融活水精准滴灌科技创新动能_df28d5c3a2.txt,191,7fff3692d9b280098cd6ce0b5689f1c61ea2034d2a8c40159cba4fbbbe8cd315,third_party_raw_fulltext_redistribution_not_established
release_package/04_数据与知识资源/unstructured_pipeline_snapshot/batch2_60/raw_txt/B2_034_金昌强科技驱动高质量发展纪实_baaf5b99ec.txt,185,fe17f5c45dd00a2b7b2fd67cc6d2d287c660f09762312df2cc9439dc37d7d170,third_party_raw_fulltext_redistribution_not_established
release_package/04_数据与知识资源/unstructured_pipeline_snapshot/batch2_60/raw_txt/B2_035_甘南科技金融沙龙为科技型企业纾困赋能_d90ca53ee7.txt,197,c65db07f426fa13a01bd7de3c33ea9297c7df3fa652bbd63fbd6d8d0de202167,third_party_raw_fulltext_redistribution_not_established
release_package/04_数据与知识资源/unstructured_pipeline_snapshot/batch2_60/raw_txt/B2_036_武威首笔知识产权质押贷款落地_b0ae11da77.txt,186,5d3065d6a5ee0c4aa70fd1b6c3e2280baa5f214ef645463fd6df1c904412cd62,third_party_raw_fulltext_redistribution_not_established
release_package/04_数据与知识资源/unstructured_pipeline_snapshot/batch2_60/raw_txt/B2_038_武威政银协同送服务科技金融助企行_ce603699f7.txt,191,42fae817534caa150cffda8e1842fa9773a90ea9bef4f1c576adcf57bdaf3180,third_party_raw_fulltext_redistribution_not_established
release_package/04_数据与知识资源/unstructured_pipeline_snapshot/batch2_60/raw_txt/B2_039_武威科技金融赋能新质生产力发展_75c0894e11.txt,188,eceba00d4aeb4070983284ca6095e8fc8e8487014781d2e47dfca0b7481b114e,third_party_raw_fulltext_redistribution_not_established
release_package/04_数据与知识资源/unstructured_pipeline_snapshot/batch2_60/raw_txt/B2_040_武威创新积分制助力企业创新发展_aee8428afb.txt,188,84ff4f92e7167035b686fbcfacd3fc131e2fee4b6ec339f32fe45e0477a11d47,third_party_raw_fulltext_redistribution_not_established
release_package/04_数据与知识资源/unstructured_pipeline_snapshot/batch2_60/raw_txt/B2_041_兰州市97家企业成为科技创新再贷款备选企业_9e6f1287b9.txt,202,9c32db564bdcb0732b4765790c36591585923701213a02ae36e6754fa3bff050,third_party_raw_fulltext_redistribution_not_established
release_package/04_数据与知识资源/unstructured_pipeline_snapshot/batch2_60/raw_txt/B2_043_兰州市科技创新企业融资对接会召开_f66e315dd7.txt,4109,decd86ea0e49479a9b163c5ed4c3f5a9905d8abc4ccb98d16ff902e09752407f,third_party_raw_fulltext_redistribution_not_established
release_package/04_数据与知识资源/unstructured_pipeline_snapshot/batch2_60/raw_txt/B2_044_兰州高新区企业入选科技创新再贷款备选名单_b557b4869a.txt,203,64b5586692c24932d3c86c353ccd944e81efcb83eea1f39f8e5235be2202c693,third_party_raw_fulltext_redistribution_not_established
release_package/04_数据与知识资源/unstructured_pipeline_snapshot/batch2_60/raw_txt/B2_045_嘉峪关科技赋能金融助力政银企担融资对接会_f1eecd66a1.txt,206,58504345ad860fce627872a0a476540fae0aaa8d747ca237bb0c2e198f546313,third_party_raw_fulltext_redistribution_not_established
release_package/04_数据与知识资源/unstructured_pipeline_snapshot/batch2_60/raw_txt/B2_046_嘉峪关市市场监管局推进知识产权质押融资工作_2f0818969c.txt,211,ac9a888b9ef675d9d881f805e74aad1b067043d4d219125a86b6a57bf31f00f7,third_party_raw_fulltext_redistribution_not_established
release_package/04_数据与知识资源/unstructured_pipeline_snapshot/batch2_60/raw_txt/B2_047_安宁区市场监管局召开知识产权质押融资政银企对接会_aecadd7aaa.txt,217,f793da9d03ff0b87f5bd0079904ae0c91b931e309ffcab5b58777dde3fca4a44,third_party_raw_fulltext_redistribution_not_established
release_package/04_数据与知识资源/unstructured_pipeline_snapshot/batch2_60/raw_txt/B2_048_西固区知识产权质押融资服务活动_030dbc3f85.txt,190,4b374b25cb08556990b64bc162ba91722db4cd1247b0ad65896e8ab8faa4173f,third_party_raw_fulltext_redistribution_not_established
release_package/04_数据与知识资源/unstructured_pipeline_snapshot/batch2_60/raw_txt/B2_050_组织申报2024年度企业专利质押融资奖补通知_8e2c331e8f.txt,201,c11debc87105cf37d77265d8263dd70e9ebc50abf763c4b8967050150cc9afa1,third_party_raw_fulltext_redistribution_not_established
release_package/04_数据与知识资源/unstructured_pipeline_snapshot/batch2_60/raw_txt/B2_051_组织申报2023年度企业专利质押融资奖补通知_6cc9dd5b90.txt,201,2a34c4ef32823776ad93afe785b7fe9376b4deb1fbb3d0419f9ccbad4e7ab980,third_party_raw_fulltext_redistribution_not_established
release_package/04_数据与知识资源/unstructured_pipeline_snapshot/batch2_60/raw_txt/B2_052_甘南州专利质押融资工作实现新突破_a309881966.txt,194,dee5f4a2b618c2bbc4c21aadd2d3fe9774b47153a5b055326c6eebaaae9b0b09,third_party_raw_fulltext_redistribution_not_established
release_package/04_数据与知识资源/unstructured_pipeline_snapshot/batch2_60/raw_txt/B2_053_甘南州专利质押融资实现零的突破_11436d2ac0.txt,1407,608eb3f4e170109b3c0d6986b554e1f0b474d0135abb7cc49b536067c7e9fd32,third_party_raw_fulltext_redistribution_not_established
release_package/04_数据与知识资源/unstructured_pipeline_snapshot/batch2_60/raw_txt/B2_054_临夏州首笔专利权质押融资落地_1ae6128583.txt,1657,9eab30752648b3c018014856975d43be3b6206529442964a86103f3c4c2daf1a,third_party_raw_fulltext_redistribution_not_established
release_package/04_数据与知识资源/unstructured_pipeline_snapshot/batch2_60/raw_txt/B2_055_白银孵化器首例知识产权质押融资成功落地_d7695857e5.txt,2662,0d72b4520a06950fb5b6d514fd6f620a7c96b57ad4b4e160d6d3453ebb9ff880,third_party_raw_fulltext_redistribution_not_established
release_package/04_数据与知识资源/unstructured_pipeline_snapshot/batch2_60/raw_txt/B2_057_天水2025年度强科技行动十件大事_26806b9d28.txt,186,d869cc5238cfeac974e012601d2dcca88210029ffcc98be8ce5aed3776f70713,third_party_raw_fulltext_redistribution_not_established
release_package/04_数据与知识资源/unstructured_pipeline_snapshot/batch2_60/raw_txt/B2_058_2025年度天水市强科技行动十件大事_1903bcdc15.txt,8629,ae03605043ad01225874fa64783ae335077bd58a18a8227fe24353e56eb70e29,third_party_raw_fulltext_redistribution_not_established
release_package/04_数据与知识资源/unstructured_pipeline_snapshot/batch2_60/raw_txt/B2_059_天水2024年度强科技行动十件大事_437714802b.txt,186,f605d60bd4c37882c3cc6742f87a2b9f099da7cf5513786a19bfbb4a1dac7429,third_party_raw_fulltext_redistribution_not_established
release_package/04_数据与知识资源/unstructured_pipeline_snapshot/batch2_60/raw_txt/B2_060_甘南州科技局联合邮储银行召开科技型企业融资对接会_fe287805de.txt,215,dcc10dfb5d0b5b9ee297789dae36c8da2d50dad943e453212cac62a59a2e68bf,third_party_raw_fulltext_redistribution_not_established
release_package/04_数据与知识资源/unstructured_pipeline_snapshot/batch2_60/raw_txt/B2_061_全国区域性科技创新及转化基地新闻发布会_efd90817f7.txt,198,c1cc81461b28c3ef280cbcd9be4d8b903e19ecd10c5ac2047494dac756e63118,third_party_raw_fulltext_redistribution_not_established
release_package/04_数据与知识资源/unstructured_pipeline_snapshot/batch2_60/raw_txt/B2_062_张掖搭建政银企对接平台助力专精特新发展_4d7a2c76fa.txt,2963,0d53f193538a768925b97eedab6aeeb4c2b41755df72279b53986f45251cd0d3,third_party_raw_fulltext_redistribution_not_established
release_package/04_数据与知识资源/unstructured_pipeline_snapshot/batch2_60/selected_clean_txt/B2_003_甘肃做好科技金融大文章为科技创新注入金融动能_1cd913cf49.txt,4567,6e9f0a73c84a61ada140d75415e25191d4bfd0dbede7e3f0e467ec963aaf1e78,third_party_raw_fulltext_redistribution_not_established
release_package/04_数据与知识资源/unstructured_pipeline_snapshot/batch2_60/selected_clean_txt/B2_004_甘肃科创类贷款余额突破600亿_c149f59f4e.txt,6941,36d0585bef6535deb3b55d59f2fe6284ba06750af58ca1c807b50eccf908aedb,third_party_raw_fulltext_redistribution_not_established
release_package/04_数据与知识资源/unstructured_pipeline_snapshot/batch2_60/selected_clean_txt/B2_006_甘肃金融活水为科技企业解近渴_584f512c03.txt,7278,731c3131f5dcf3eb98a2557188ec1cacdd0e1758ddb4a2dd061b07ae51e19fe1,third_party_raw_fulltext_redistribution_not_established
release_package/04_数据与知识资源/unstructured_pipeline_snapshot/batch2_60/selected_clean_txt/B2_009_甘肃银行推出科技贷助力强科技行动_3e56bff612.txt,1623,b740770468cfb092f4b65eca6d3ea3c8e172e922bda84b9cb0851ca062018948,third_party_raw_fulltext_redistribution_not_established
release_package/04_数据与知识资源/unstructured_pipeline_snapshot/batch2_60/selected_clean_txt/B2_010_甘肃银行甘银惠知贷首单业务落地_e2d85ec7d3.txt,2367,2059529926abf971ae7066163c9383751793abc605d72cf6550f8d973e0e8bb9,third_party_raw_fulltext_redistribution_not_established
release_package/04_数据与知识资源/unstructured_pipeline_snapshot/batch2_60/selected_clean_txt/B2_011_甘肃银行科技贷产品页_45e901fc9e.txt,3221,30bc6f0fcdcb6641fa0cdcbded4db60a468470f2a7314135dcb512f6acac2ad7,third_party_raw_fulltext_redistribution_not_established
release_package/04_数据与知识资源/unstructured_pipeline_snapshot/batch2_60/selected_clean_txt/B2_012_甘肃银行普惠金融产品页_c6a9ab2722.txt,3822,91d55418d9b0eb2abd59fa011e04f927823ee110c7696a82a7514027e8843213,third_party_raw_fulltext_redistribution_not_established
release_package/04_数据与知识资源/unstructured_pipeline_snapshot/batch2_60/selected_clean_txt/B2_013_甘肃银行科技增信贷产品助力科技企业发展_e0cf753487.txt,1511,67231947b499e9fa166fe01ff618a33a8e38a6fb4e8125976ccc2bad884fdd44,third_party_raw_fulltext_redistribution_not_established
release_package/04_数据与知识资源/unstructured_pipeline_snapshot/batch2_60/selected_clean_txt/B2_014_甘肃银行助力地方经济社会高质量发展_3dd13a9244.txt,20408,4c0487c6d8abf9e76ced87686c4ce9f71b5f4af0550955b407882f3983e5834d,third_party_raw_fulltext_redistribution_not_established
release_package/04_数据与知识资源/unstructured_pipeline_snapshot/batch2_60/selected_clean_txt/B2_015_甘肃银行科技金融与科技贷款情况_e2fc9d6edb.txt,5332,b6e6e3a38b69134a661ef6b3a773d9e6cbb1512573e01b0d1cd7a3ce2cf3c158,third_party_raw_fulltext_redistribution_not_established
release_package/04_数据与知识资源/unstructured_pipeline_snapshot/batch2_60/selected_clean_txt/B2_016_甘肃银行扶持小微企业发展篇_4f0ccd4125.txt,4472,14cef850cc7a4ed0f93925053cdc74eb0ecdfd6b3731873fbcd542a8c0d02075,third_party_raw_fulltext_redistribution_not_established
release_package/04_数据与知识资源/unstructured_pipeline_snapshot/batch2_60/selected_clean_txt/B2_017_甘肃银行服务地方经济建设篇_8ba7f0a4ec.txt,7464,ef5aeec8856ae20f147aa013351d49524faad9e77215fce66ec43871de147694,third_party_raw_fulltext_redistribution_not_established
release_package/04_数据与知识资源/unstructured_pipeline_snapshot/batch2_60/selected_clean_txt/B2_018_甘肃银行一季度累计投放贷款逾300亿元_7528819d83.txt,2708,a47d297d6446d3b931625798bea4ece5668e03b0360ded802c09d2e190f2ed9b,third_party_raw_fulltext_redistribution_not_established
release_package/04_数据与知识资源/unstructured_pipeline_snapshot/batch2_60/selected_clean_txt/B2_019_甘肃银行推出22条措施助力稳经济促发展_da7f6c3fc5.txt,4256,49807424ee372d3d9936a40b8ef72cc717b3f9df2b21984010edb6b43047e520,third_party_raw_fulltext_redistribution_not_established
release_package/04_数据与知识资源/unstructured_pipeline_snapshot/batch2_60/selected_clean_txt/B2_020_甘肃省打造全国区域性科技创新及转化基地行动方案_050d62bedb.txt,18927,fd0003bdf396de4ae8914afde1766db78ee7b7c9fa670d4c2cac58c3db42a247,third_party_raw_fulltext_redistribution_not_established
release_package/04_数据与知识资源/unstructured_pipeline_snapshot/batch2_60/selected_clean_txt/B2_030_甘肃制定方案为科技企业成长提供金动力_b94072d80e.txt,3051,07bc20f66bed3f3258db7115aa4cc15ab81a5928154dce4506c07f2aad50baeb,third_party_raw_fulltext_redistribution_not_established
release_package/04_数据与知识资源/unstructured_pipeline_snapshot/batch2_60/selected_clean_txt/B2_031_甘肃科技金融护航计划出炉_4a650574f3.txt,2865,71b7f3c5e64cea5557f5b57cc707b8a388e796a600df4a1e09371794c2ede9de,third_party_raw_fulltext_redistribution_not_established
release_package/04_数据与知识资源/unstructured_pipeline_snapshot/batch2_60/selected_clean_txt/B2_043_兰州市科技创新企业融资对接会召开_f66e315dd7.txt,3852,3a3428b019befe1775fbd0b5b3aa9cec1d29003fa831ee775a8ba5fe7f2aa8a7,third_party_raw_fulltext_redistribution_not_established
release_package/04_数据与知识资源/unstructured_pipeline_snapshot/batch2_60/selected_clean_txt/B2_053_甘南州专利质押融资实现零的突破_11436d2ac0.txt,1407,608eb3f4e170109b3c0d6986b554e1f0b474d0135abb7cc49b536067c7e9fd32,third_party_raw_fulltext_redistribution_not_established
release_package/04_数据与知识资源/unstructured_pipeline_snapshot/batch2_60/selected_clean_txt/B2_054_临夏州首笔专利权质押融资落地_1ae6128583.txt,1655,b693654044ef7261888f77a01bf88cfa6d38f158cacc62bcbf9b3e27e3e02377,third_party_raw_fulltext_redistribution_not_established
release_package/04_数据与知识资源/unstructured_pipeline_snapshot/batch2_60/selected_clean_txt/B2_055_白银孵化器首例知识产权质押融资成功落地_d7695857e5.txt,2655,ab32def37b38f1cec645f10f6a9fde548c42715cfec04ec51a2ecc47be67909a,third_party_raw_fulltext_redistribution_not_established
release_package/04_数据与知识资源/unstructured_pipeline_snapshot/batch2_60/selected_clean_txt/B2_058_2025年度天水市强科技行动十件大事_1903bcdc15.txt,8629,ae03605043ad01225874fa64783ae335077bd58a18a8227fe24353e56eb70e29,third_party_raw_fulltext_redistribution_not_established
release_package/04_数据与知识资源/unstructured_pipeline_snapshot/batch2_60/selected_clean_txt/B2_062_张掖搭建政银企对接平台助力专精特新发展_4d7a2c76fa.txt,2660,99ff1104ea3ed6c2a8065006330404cfdf332ad29c2b70129d9202f35b9159b7,third_party_raw_fulltext_redistribution_not_established
release_package/04_数据与知识资源/unstructured_pipeline_snapshot/batch3_large_90/clean_txt/B3_001_金融活水精准滴灌共绘陇原科创同心圆_142be2a238.txt,193,5b434a6d13fe1301023c7fcb8ce1c961baac1205dfd1ee5cf066cc9bc0aa8dd5,third_party_raw_fulltext_redistribution_not_established
release_package/04_数据与知识资源/unstructured_pipeline_snapshot/batch3_large_90/clean_txt/B3_002_甘肃省推出20亿元再贷款助力科技型小微企业_e79e352ced.txt,199,3f7e775ae2dcafe8ec3b1fad9d7ec1a0e8d23e356473fcc212f4cf9e51d39586,third_party_raw_fulltext_redistribution_not_established
release_package/04_数据与知识资源/unstructured_pipeline_snapshot/batch3_large_90/clean_txt/B3_003_甘肃持续推动科技金融协同发展_5d237b22eb.txt,184,4039f5c2f812a10d1206c0361e5beb97c0d12f49acd840682328f8b646f04453,third_party_raw_fulltext_redistribution_not_established
release_package/04_数据与知识资源/unstructured_pipeline_snapshot/batch3_large_90/clean_txt/B3_004_甘肃科技金融护航科技企业发展_c138e0b121.txt,182,47e7064be6aa5d7bb3bd16762cc58528d1b9649949f292bcadb6d1ef3b6dea30,third_party_raw_fulltext_redistribution_not_established
release_package/04_数据与知识资源/unstructured_pipeline_snapshot/batch3_large_90/clean_txt/B3_005_金融活水呵护科技型中小企业成长_3aaa85023c.txt,183,3c1bc309b3ffaafafee6a7c57ea47056913afd3c9a9f02fc626051fe55b21456,third_party_raw_fulltext_redistribution_not_established
release_package/04_数据与知识资源/unstructured_pipeline_snapshot/batch3_large_90/clean_txt/B3_006_银行业保险业科技金融高质量发展实施方案转载_6fa219ead1.txt,203,c05f995e92bef2a99596d3f22c2861f5c70764b66a8fe000e8315385cbeb59e8,third_party_raw_fulltext_redistribution_not_established
release_package/04_数据与知识资源/unstructured_pipeline_snapshot/batch3_large_90/clean_txt/B3_007_兰白基金科技金融对接会在兰成功举办_bb33ba05b8.txt,193,05d9f4c0cd9c28e0002edc1ac8af8f90eb9cd7324c62e15e626f28912a544087,third_party_raw_fulltext_redistribution_not_established
release_package/04_数据与知识资源/unstructured_pipeline_snapshot/batch3_large_90/clean_txt/B3_008_酒泉金融活水精准滴灌科技创新动能_df28d5c3a2.txt,190,2eacc487a4cdb180fda30e60d2a20abc560b8f1ecacbfdd0123b42cc82d837e3,third_party_raw_fulltext_redistribution_not_established
release_package/04_数据与知识资源/unstructured_pipeline_snapshot/batch3_large_90/clean_txt/B3_009_金昌强科技驱动高质量发展纪实_baaf5b99ec.txt,184,1a839764c065542fa2c8cfa38c0016add6bcf93be1a777941cd964df69662ba9,third_party_raw_fulltext_redistribution_not_established
release_package/04_数据与知识资源/unstructured_pipeline_snapshot/batch3_large_90/clean_txt/B3_010_兰州市深入推进161科技创新体系高质量发展_a1d200f31a.txt,199,533245718960fac3221eac8742a6ea643b7751a3a35701c561cbde78e615d14f,third_party_raw_fulltext_redistribution_not_established
release_package/04_数据与知识资源/unstructured_pipeline_snapshot/batch3_large_90/clean_txt/B3_011_甘南科技金融沙龙为科技型企业纾困赋能_d90ca53ee7.txt,196,e3a886acb7890a43db1795fd8f9eef6ddaf94511670fed5e2bdf6b697faa8cc0,third_party_raw_fulltext_redistribution_not_established
release_package/04_数据与知识资源/unstructured_pipeline_snapshot/batch3_large_90/clean_txt/B3_012_武威政银协同送服务科技金融助企行_ce603699f7.txt,190,734717cb90aaad2887cf22a2aa4202fac530d328cc186bf158cd45e46fea4723,third_party_raw_fulltext_redistribution_not_established
release_package/04_数据与知识资源/unstructured_pipeline_snapshot/batch3_large_90/clean_txt/B3_013_甘南州科技局联合邮储银行召开科技型企业融资座谈会_fe287805de.txt,214,ba2f781b4b5b789163ccc2ef58baceacc866314f4da035da9ce64f5ecf099325,third_party_raw_fulltext_redistribution_not_established
release_package/04_数据与知识资源/unstructured_pipeline_snapshot/batch3_large_90/clean_txt/B3_014_武威科技金融融合赋能经济高质量发展_f9df4b52c3.txt,193,f2ffa7004ec5fee57c67faf17d236ecebd4ad60b1512bd50ab0b825967474a4a,third_party_raw_fulltext_redistribution_not_established
release_package/04_数据与知识资源/unstructured_pipeline_snapshot/batch3_large_90/clean_txt/B3_015_武威科技赋能中小企业高质量发展_937fae7ef6.txt,187,94ef29b04ed819d138b3cc64fed625d74e03d8bb5dfa85554b7048cd892d753f,third_party_raw_fulltext_redistribution_not_established
release_package/04_数据与知识资源/unstructured_pipeline_snapshot/batch3_large_90/clean_txt/B3_016_武威首笔知识产权质押贷款落地_b0ae11da77.txt,185,0c5607ea1b9e2ef6872d9cc508a28a4ee83582407d4d03570a58d544deeb7af7,third_party_raw_fulltext_redistribution_not_established
release_package/04_数据与知识资源/unstructured_pipeline_snapshot/batch3_large_90/clean_txt/B3_019_武威科技政策靶向供给助力民营经济高质量发展_9b27252d72.txt,205,58813508d4985194080f16967867163066358b0e13c12f8f800520d906c31c12,third_party_raw_fulltext_redistribution_not_established
release_package/04_数据与知识资源/unstructured_pipeline_snapshot/batch3_large_90/clean_txt/B3_020_武威强化科技创新引擎驱动经济高质量发展_341a051577.txt,199,488a626c40a72203008ed44a4ee1be1a17d666f543e2b694210eaf6908cc90ec,third_party_raw_fulltext_redistribution_not_established
release_package/04_数据与知识资源/unstructured_pipeline_snapshot/batch3_large_90/clean_txt/B3_021_嘉峪关科技赋能金融助力政银企担融资对接会_f1eecd66a1.txt,205,e1a5c38598c651ed786a74d7a673cc5d4da566f03e3a320cc040226bff0b5fe5,third_party_raw_fulltext_redistribution_not_established
release_package/04_数据与知识资源/unstructured_pipeline_snapshot/batch3_large_90/clean_txt/B3_022_兰州市97家企业成为科技创新再贷款备选企业_9e6f1287b9.txt,201,717167d294497d06be4ff254f9498eb598b3056f20785cb2fb852ddf5f9e7fc9,third_party_raw_fulltext_redistribution_not_established
release_package/04_数据与知识资源/unstructured_pipeline_snapshot/batch3_large_90/clean_txt/B3_023_兰州高新区企业入选科技创新再贷款备选名单_b557b4869a.txt,202,8cba7fdf1c10ff0be4961a4458a629394cd9c44e8e00d41ae81fd9e431290ceb,third_party_raw_fulltext_redistribution_not_established
release_package/04_数据与知识资源/unstructured_pipeline_snapshot/batch3_large_90/clean_txt/B3_024_兰州市科技企业政银企对接会_c545a2d479.txt,181,29e92c6e22a418f4ec3cf34f791075bfa6cef329bf98c56240d215681ebc279b,third_party_raw_fulltext_redistribution_not_established
release_package/04_数据与知识资源/unstructured_pipeline_snapshot/batch3_large_90/clean_txt/B3_025_兰州高新区加速打造生物医药产业新高地_866a1d4732.txt,196,3ba707522db8fc2f131488db81595f65e4326eb669572353987090ee6e692b95,third_party_raw_fulltext_redistribution_not_established
release_package/04_数据与知识资源/unstructured_pipeline_snapshot/batch3_large_90/clean_txt/B3_026_兰州金融赋能科技保险护航创新_72c9c581f9.txt,184,38fddb72428b674b73f0f15e003a26a5999929e21b921065bf00b9f149c0cde7,third_party_raw_fulltext_redistribution_not_established
release_package/04_数据与知识资源/unstructured_pipeline_snapshot/batch3_large_90/clean_txt/B3_027_兰州隐形独角兽企业培育实现跨越式发展_0e189ba441.txt,196,ee593e1016e4399abe897719c11b15a0a971ab6361454e34e341650d9c4242e0,third_party_raw_fulltext_redistribution_not_established
release_package/04_数据与知识资源/unstructured_pipeline_snapshot/batch3_large_90/clean_txt/B3_028_天水多措并举提高科技创新能力_2df8a1aab1.txt,184,4cb03c64e5c9a40789c0dee62bc830ecb6a80b9326308b168e33351f46f289a7,third_party_raw_fulltext_redistribution_not_established
release_package/04_数据与知识资源/unstructured_pipeline_snapshot/batch3_large_90/clean_txt/B3_029_天水2024年度强科技行动十件大事_437714802b.txt,185,0830a859443d7fe99b4fd80dae17c3c6fa7bdd413c8813f6ba6058dba2b0f3bf,third_party_raw_fulltext_redistribution_not_established
release_package/04_数据与知识资源/unstructured_pipeline_snapshot/batch3_large_90/clean_txt/B3_030_天水2025年度强科技行动十件大事_26806b9d28.txt,185,470726e68e203329d71d70bb71d2ac97df9e3cfcda89a1c02025b643f21ac082,third_party_raw_fulltext_redistribution_not_established
release_package/04_数据与知识资源/unstructured_pipeline_snapshot/batch3_large_90/clean_txt/B3_031_庆阳市科技局举办科技企业融资对接会_9cd7543828.txt,193,4baaf11b20e420f8583e1c137376ec668a2191a8c113f0be0e0468c008bc09a5,third_party_raw_fulltext_redistribution_not_established
release_package/04_数据与知识资源/unstructured_pipeline_snapshot/batch3_large_90/clean_txt/B3_032_庆阳汇科技成果引金融活水_38c5afb176.txt,178,8c8dca06d99614d393dff2593fbda51b049ce8dd20edaf06437d7c00b1470bee,third_party_raw_fulltext_redistribution_not_established
release_package/04_数据与知识资源/unstructured_pipeline_snapshot/batch3_large_90/clean_txt/B3_033_全国区域性科技创新及转化基地新闻发布会_efd90817f7.txt,197,d16f4a2f655088eb672cf636308fa1b9bdbed762038925a63ad9e52eaf3c257f,third_party_raw_fulltext_redistribution_not_established
release_package/04_数据与知识资源/unstructured_pipeline_snapshot/batch3_large_90/clean_txt/B3_034_2025年甘肃省金融运行情况新闻发布会实录_6ff9292761.txt,197,c2df6c7201e147e02c7c151734cdf8a1b778e0c2f626423264ad018e3df93e98,third_party_raw_fulltext_redistribution_not_established
release_package/04_数据与知识资源/unstructured_pipeline_snapshot/batch3_large_90/clean_txt/B3_035_金融聚力赋能陇原十四五成就新闻发布会实录_1b0fee80fc.txt,202,b6187497c225198d5b662bae00fad236d631233571fb93db446c916cbd5ce193,third_party_raw_fulltext_redistribution_not_established
release_package/04_数据与知识资源/unstructured_pipeline_snapshot/batch3_large_90/clean_txt/B3_036_甘肃省十四五时期科技创新发展成就新闻发布会实录_38b0d550dc.txt,207,af214413696c1fcdf1aa11c4c9fa5a33b5f22c67651261ed5aa22a332a53cdea,third_party_raw_fulltext_redistribution_not_established
release_package/04_数据与知识资源/unstructured_pipeline_snapshot/batch3_large_90/clean_txt/B3_037_交通银行甘肃省分行金融服务陇原发展_684e91ed3a.txt,215,3a56eb9b1b1dd61290fa84947939dd3880bf305cd0f7e7ea06874c81d4ac4ec5,third_party_raw_fulltext_redistribution_not_established
release_package/04_数据与知识资源/unstructured_pipeline_snapshot/batch3_large_90/clean_txt/B3_038_中国银行甘肃省分行赋能地方高质量发展纪实_f3e79ad7b5.txt,224,51d5ae17f43c5204ac7ff3badec378beac4e8f24743a540731a3c051f26ba2d1,third_party_raw_fulltext_redistribution_not_established
release_package/04_数据与知识资源/unstructured_pipeline_snapshot/batch3_large_90/clean_txt/B3_039_甘肃银行十四载服务地方经济高质量发展纪实_cce93dae99.txt,224,ee0962bf85e4e2d968336c824d2d70da973a7b75ff021fee3e13e85357bd8f90,third_party_raw_fulltext_redistribution_not_established
release_package/04_数据与知识资源/unstructured_pipeline_snapshot/batch3_large_90/clean_txt/B3_040_中国银行甘肃省分行支持地方经济高质量发展走笔_0b4c594d2d.txt,230,d66c7f6ebdc7faa6d203fb95e458b8c7c0c65de7e659bdc0ada68d4f1af85da2,third_party_raw_fulltext_redistribution_not_established
release_package/04_数据与知识资源/unstructured_pipeline_snapshot/batch3_large_90/clean_txt/B3_041_科技创新和技术改造再贷款政策在甘肃落地实施_9852486fd5.txt,224,fe5813da01db49f08ff63c62685ccbb0d05b6365728bb0f5bf0859cb7c4d5ad5,third_party_raw_fulltext_redistribution_not_established
release_package/04_数据与知识资源/unstructured_pipeline_snapshot/batch3_large_90/clean_txt/B3_042_甘肃省实施贷款畅通工程方案_380acfa7e9.txt,181,fd1cf2e3993a3993149f4b62552490c4ccce89500cd4188db02dffb7a9359f2f,third_party_raw_fulltext_redistribution_not_established
release_package/04_数据与知识资源/unstructured_pipeline_snapshot/batch3_large_90/clean_txt/B3_043_甘肃省打造全国区域性科技创新及转化基地行动方案_a8bfb3afca.txt,211,16842b827be2f1e323efa655ddec2124329c8e53df98fda0ba4d80cde73d3a76,third_party_raw_fulltext_redistribution_not_established
release_package/04_数据与知识资源/unstructured_pipeline_snapshot/batch3_large_90/clean_txt/B3_044_甘肃省打造全国区域性科技创新及转化基地行动方案发布版_67609b21ae.txt,227,aae61b100a59560718e09309878dcd935e78f14b011cf307e7aafe045fd18117,third_party_raw_fulltext_redistribution_not_established
release_package/04_数据与知识资源/unstructured_pipeline_snapshot/batch3_large_90/clean_txt/B3_045_甘肃省培育壮大高技术高成长性高附加值企业行动方案_75d460c081.txt,214,e2834f188afd66ef678ba46e4d6fbc2d873b4e65cf40c5c59ce1a6242ca474f8,third_party_raw_fulltext_redistribution_not_established
release_package/04_数据与知识资源/unstructured_pipeline_snapshot/batch3_large_90/clean_txt/B3_046_实施金融四大工程激发市场活力意见_e5f25f17b1.txt,188,d80eecaefba7a56d0e0b67fdffc943db37cae71fdc424db0feb823d273ed75f9,third_party_raw_fulltext_redistribution_not_established
release_package/04_数据与知识资源/unstructured_pipeline_snapshot/batch3_large_90/clean_txt/B3_047_金融四大工程政策解读新闻发布会_10e86c3b3c.txt,186,5fcf070ee3c34b6d65f32afc0f6539f97389fa3dddab6efed77191be4462e1f0,third_party_raw_fulltext_redistribution_not_established
release_package/04_数据与知识资源/unstructured_pipeline_snapshot/batch3_large_90/clean_txt/B3_048_深化简政放权放管结合优化服务改革工作要点_5fbe579c61.txt,202,4b361edc7a23c05cd460ee8ddfdf06524cb5a63dadb3b6818a485254b29906fc,third_party_raw_fulltext_redistribution_not_established
release_package/04_数据与知识资源/unstructured_pipeline_snapshot/batch3_large_90/clean_txt/B3_049_金融助力实体经济高质量发展若干措施_c21a31cffa.txt,191,0e359f0379a34c47ab6339cc622a823a8088d736d90e39b59c4a47fc847737d4,third_party_raw_fulltext_redistribution_not_established
release_package/04_数据与知识资源/unstructured_pipeline_snapshot/batch3_large_90/clean_txt/B3_050_支持小微企业融资协调工作机制落地见效_9e019609a6.txt,195,f4f49d5113c6298e60a49b0aaf0dc99d50f44b09df85bd628e20e061d0cffd33,third_party_raw_fulltext_redistribution_not_established
release_package/04_数据与知识资源/unstructured_pipeline_snapshot/batch3_large_90/clean_txt/B3_051_甘肃高标准推进营商环境全面提升_5bddb9ec61.txt,187,64d22f13f2bc136074c17af3822d30299ece70928700607ff3c319ead920ad8c,third_party_raw_fulltext_redistribution_not_established
release_package/04_数据与知识资源/unstructured_pipeline_snapshot/batch3_large_90/clean_txt/B3_052_甘肃各金融机构支持实体经济高质量发展综述_82ff30ab6f.txt,201,388e0a638f4f06ce4ed2b5a552daec24a886aff207921cc8f4e686f5ce00f6d1,third_party_raw_fulltext_redistribution_not_established
release_package/04_数据与知识资源/unstructured_pipeline_snapshot/batch3_large_90/clean_txt/B3_053_十四五时期全省金融高质量发展综述_3194c6d120.txt,187,a4ef06fbc74459fc97783f50b8c065c50fd54d34cd5db98f26a558c1fcd9601a,third_party_raw_fulltext_redistribution_not_established
release_package/04_数据与知识资源/unstructured_pipeline_snapshot/batch3_large_90/clean_txt/B3_054_金融重点领域贷款余额实现高增长_2de4e99391.txt,184,dbf2232f8fb7a9657f0ec0f5e1ce23fa0fb83af3286b02ed69985e7c32a113d7,third_party_raw_fulltext_redistribution_not_established
release_package/04_数据与知识资源/unstructured_pipeline_snapshot/batch3_large_90/clean_txt/B3_055_甘肃信贷总量保持平稳_f8676d2d0b.txt,188,eccd96ab95c7ded5ce75be647fddd62259153ea8be17dea6f2724e911c01976f,third_party_raw_fulltext_redistribution_not_established
release_package/04_数据与知识资源/unstructured_pipeline_snapshot/batch3_large_90/clean_txt/B3_056_两新政策取得实效_eea8530e5c.txt,163,b4f2848f4cf4c2a8be9106f79a2daf63c70952026a5dd35e329b04b209a9a3fb,third_party_raw_fulltext_redistribution_not_established
release_package/04_数据与知识资源/unstructured_pipeline_snapshot/batch3_large_90/clean_txt/B3_057_甘肃省知识产权质押融资银企对接知惠行专项活动启动会_dc8072eb60.txt,219,63669510bbce9226ce42d8cbaa94560bf3281d4c57f56b00dea0e1287776a30a,third_party_raw_fulltext_redistribution_not_established
release_package/04_数据与知识资源/unstructured_pipeline_snapshot/batch3_large_90/clean_txt/B3_058_2024年度全省专利权质押融资及专利保险补助公示_034ce113f4.txt,206,fdc6047f09443eac231954c080322c0255380ff0dc0bfaf4d7151542646a0b41,third_party_raw_fulltext_redistribution_not_established
release_package/04_数据与知识资源/unstructured_pipeline_snapshot/batch3_large_90/clean_txt/B3_059_组织申报2024年度企业专利质押融资奖补通知_8e2c331e8f.txt,200,e5529c06970a22cc957af6f351c6f0ddfc71a2cb17d7a5ee2ed44f74d2eec2ad,third_party_raw_fulltext_redistribution_not_established
release_package/04_数据与知识资源/unstructured_pipeline_snapshot/batch3_large_90/clean_txt/B3_060_2023年度全省专利权质押融资及专利保险补助公示_5e0e62118a.txt,206,11c77fe480fa68710a90ee911bb8c6b129a91958e12414cf7cfae3a28767656c,third_party_raw_fulltext_redistribution_not_established
release_package/04_数据与知识资源/unstructured_pipeline_snapshot/batch3_large_90/clean_txt/B3_061_甘南州专利质押融资工作实现新突破_a309881966.txt,193,c09b43ea1fff4eba378034c20789a761545d64618481a27ce536436df6c826be,third_party_raw_fulltext_redistribution_not_established
release_package/04_数据与知识资源/unstructured_pipeline_snapshot/batch3_large_90/clean_txt/B3_062_嘉峪关推进知识产权质押融资工作_2f0818969c.txt,192,72d45bcdd89236376d3c697881fe94d812fb0d743d7f5e9cc4b570a1b1c95ff8,third_party_raw_fulltext_redistribution_not_established
release_package/04_数据与知识资源/unstructured_pipeline_snapshot/batch3_large_90/clean_txt/B3_063_安宁区知识产权质押融资政银企对接会_2c9ab8a8d4.txt,195,a21bd30bb247f9e35b035fa5ad482bd0901f986d3c6df1d041bdcda14acc1adb,third_party_raw_fulltext_redistribution_not_established
release_package/04_数据与知识资源/unstructured_pipeline_snapshot/batch3_large_90/clean_txt/B3_064_安宁区重点企业知识产权质押融资政银企对接会_aecadd7aaa.txt,207,e1585e645e5792759119da7de20960997cb4b4ec4480a5c1082d3356a2d2df77,third_party_raw_fulltext_redistribution_not_established
release_package/04_数据与知识资源/unstructured_pipeline_snapshot/batch3_large_90/clean_txt/B3_065_西固区知识产权质押融资服务活动_030dbc3f85.txt,189,69edb26f8f8c63b848582a94bba94e23db015740642d7e973fc12b49d27baac1,third_party_raw_fulltext_redistribution_not_established
release_package/04_数据与知识资源/unstructured_pipeline_snapshot/batch3_large_90/clean_txt/B3_066_民乐县召开知识产权质押融资工作座谈会_4155556e0b.txt,198,edd5f9c3624c7d22d730150c5ab4b52cce988214dc164d620a46612e396bfb66,third_party_raw_fulltext_redistribution_not_established
release_package/04_数据与知识资源/unstructured_pipeline_snapshot/batch3_large_90/clean_txt/B3_067_安宁区知识产权全链条入企服务活动_9853ba9a63.txt,193,43fbbb110988caa477cc8d61b8ba0a15c6f67de4728a3192a691b29372c2da36,third_party_raw_fulltext_redistribution_not_established
release_package/04_数据与知识资源/unstructured_pipeline_snapshot/batch3_large_90/clean_txt/B3_068_东乡县首例知识产权质押融资服务_e0b82650d7.txt,190,94d592940c21e11e6e9aa2e0d51a3b1bb9258af8fc60c21bfee8dd746760ead7,third_party_raw_fulltext_redistribution_not_established
release_package/04_数据与知识资源/unstructured_pipeline_snapshot/batch3_large_90/clean_txt/B3_069_临泽县知识产权保护运用服务赋能企业_1c4f783369.txt,196,6d5a1abfb21a2921879ba8323da65fab645e8ef4df27be583cbc7620a712fd40,third_party_raw_fulltext_redistribution_not_established
release_package/04_数据与知识资源/unstructured_pipeline_snapshot/batch3_large_90/clean_txt/B3_070_临泽县释放知识产权效能走好特色发展路_dce14fa99f.txt,199,452f85c51a92ea4d9c62ae879d2c5055630f97476cea502f8711ec4ec05a58b8,third_party_raw_fulltext_redistribution_not_established
release_package/04_数据与知识资源/unstructured_pipeline_snapshot/batch3_large_90/clean_txt/B3_071_山丹县知识产权质押融资成效显著_ad92ea7a48.txt,190,cd960fdd5f4edcfc8431246e7386b9881a804d947bd07a76e118a16ed632ef81,third_party_raw_fulltext_redistribution_not_established
release_package/04_数据与知识资源/unstructured_pipeline_snapshot/batch3_large_90/clean_txt/B3_072_山丹县全面推进知识产权转化运用_a773b0ca5d.txt,190,4ac7e5c1d1389fbe34a0a0e119a8aeeb4dedc7629034ade16082aefc8ad80018,third_party_raw_fulltext_redistribution_not_established
release_package/04_数据与知识资源/unstructured_pipeline_snapshot/batch3_large_90/clean_txt/B3_073_武威市知识产权支撑创新驱动发展_5696944f03.txt,190,f3bd5d79ba36b2e3d9759e156b8003e6725307e8d55f67d1745930c20f100985,third_party_raw_fulltext_redistribution_not_established
release_package/04_数据与知识资源/unstructured_pipeline_snapshot/batch3_large_90/clean_txt/B3_074_兰州市强化知识产权保护运用_6c862a2002.txt,183,7783f21a52be075af960daf9b90e25439e846b6fce645a5c9981ac601225db02,third_party_raw_fulltext_redistribution_not_established
release_package/04_数据与知识资源/unstructured_pipeline_snapshot/batch3_large_90/clean_txt/B3_075_甘肃省知识产权强省建设第一批典型案例_948aac9778.txt,198,4ead01f21c54050bea2991bb8fb6b21d519bfd704993d6a791ef6f13db4d429f,third_party_raw_fulltext_redistribution_not_established
release_package/04_数据与知识资源/unstructured_pipeline_snapshot/batch3_large_90/clean_txt/B3_076_兰州新区知识产权质押融资对接活动_34eab0ce6f.txt,198,318ad1123ac5478232f4d90f7f3713c1223ad60a09155f1a8ed37be820cab70c,third_party_raw_fulltext_redistribution_not_established
release_package/04_数据与知识资源/unstructured_pipeline_snapshot/batch3_large_90/clean_txt/B3_077_临泽县知识产权金融服务入园惠企_932b4ecb43.txt,190,859f0ac0a654db0d7d3ce55f9ec6f1eab7d1b0f9437391a4b9d3f76ffc4b0a21,third_party_raw_fulltext_redistribution_not_established
release_package/04_数据与知识资源/unstructured_pipeline_snapshot/batch3_large_90/clean_txt/B3_078_白银高新分局知识产权质押融资案例_990b6cdbbf.txt,193,c1283894e98935a1addb42a99afd21e8351c9d113706e731c4c74e16c0c6ec96,third_party_raw_fulltext_redistribution_not_established
release_package/04_数据与知识资源/unstructured_pipeline_snapshot/batch3_large_90/clean_txt/B3_079_甘肃银行普惠金融产品页.txt,3652,6c1ef7ac8a5c637e2c20eb98b05c1970551ae43b62b959efe1c8ca37cbe948ee,third_party_raw_fulltext_redistribution_not_established
release_package/04_数据与知识资源/unstructured_pipeline_snapshot/batch3_large_90/clean_txt/B3_079_甘肃银行普惠金融产品页_c6a9ab2722.txt,3822,755f65475e4874efd96e79ac9dd8b5f16ad7bbb3ac892a97760004a26c961939,third_party_raw_fulltext_redistribution_not_established
release_package/04_数据与知识资源/unstructured_pipeline_snapshot/batch3_large_90/clean_txt/B3_080_甘肃银行甘银惠知贷首单业务落地.txt,4479,7b6d6116ee2da5441b3713101e20c915a88fa0639230fa65683a1d3c956e5d84,third_party_raw_fulltext_redistribution_not_established
release_package/04_数据与知识资源/unstructured_pipeline_snapshot/batch3_large_90/clean_txt/B3_080_甘肃银行甘银惠知贷首单业务落地_e2d85ec7d3.txt,2367,2059529926abf971ae7066163c9383751793abc605d72cf6550f8d973e0e8bb9,third_party_raw_fulltext_redistribution_not_established
release_package/04_数据与知识资源/unstructured_pipeline_snapshot/batch3_large_90/clean_txt/B3_081_甘肃银行助力地方经济社会高质量发展.txt,22514,61e1dbdd208aea1145278620c2c7767dff01c99aa2701ebc16250d6994906a65,third_party_raw_fulltext_redistribution_not_established
release_package/04_数据与知识资源/unstructured_pipeline_snapshot/batch3_large_90/clean_txt/B3_081_甘肃银行助力地方经济社会高质量发展_3dd13a9244.txt,20408,870882e648be8d00a6ce19645b83620cb0dde2b17a7eb6fb85332348aac058c1,third_party_raw_fulltext_redistribution_not_established
release_package/04_数据与知识资源/unstructured_pipeline_snapshot/batch3_large_90/clean_txt/B3_082_甘肃银行科技金融与科技贷款情况.txt,7444,4c0ac63cbee2bb2a13cda2c8df34169664a583177966df0a4fa33082b8e76c3b,third_party_raw_fulltext_redistribution_not_established
release_package/04_数据与知识资源/unstructured_pipeline_snapshot/batch3_large_90/clean_txt/B3_082_甘肃银行科技金融与科技贷款情况_e2fc9d6edb.txt,5332,69fe74477626d49ce0cadd3a41b9e714f6791299c3ab20db2f1b97c52ba4fd84,third_party_raw_fulltext_redistribution_not_established
release_package/04_数据与知识资源/unstructured_pipeline_snapshot/batch3_large_90/clean_txt/B3_083_甘肃银行科技增信贷产品助力科技企业发展.txt,3611,436f298f73cb5962f8f4f01e16de444990b91ae9048ee618983036b9fdb531cc,third_party_raw_fulltext_redistribution_not_established
release_package/04_数据与知识资源/unstructured_pipeline_snapshot/batch3_large_90/clean_txt/B3_083_甘肃银行科技增信贷产品助力科技企业发展_e0cf753487.txt,1511,67231947b499e9fa166fe01ff618a33a8e38a6fb4e8125976ccc2bad884fdd44,third_party_raw_fulltext_redistribution_not_established
release_package/04_数据与知识资源/unstructured_pipeline_snapshot/batch3_large_90/clean_txt/B3_084_甘肃银行推出科技贷助力强科技行动.txt,3732,a31b3edd4f1de8d5f824d006e76cf0018e8dccc8fb8389597053cdd96f63df54,third_party_raw_fulltext_redistribution_not_established
release_package/04_数据与知识资源/unstructured_pipeline_snapshot/batch3_large_90/clean_txt/B3_084_甘肃银行推出科技贷助力强科技行动_3e56bff612.txt,1623,b740770468cfb092f4b65eca6d3ea3c8e172e922bda84b9cb0851ca062018948,third_party_raw_fulltext_redistribution_not_established
release_package/04_数据与知识资源/unstructured_pipeline_snapshot/batch3_large_90/clean_txt/B3_085_甘肃银行推出22条措施助力稳经济促发展.txt,6360,efc103ad9a5e3b57c262bbfcaa96d37fd72e8ef92500903dc26f55744da0a4a0,third_party_raw_fulltext_redistribution_not_established
release_package/04_数据与知识资源/unstructured_pipeline_snapshot/batch3_large_90/clean_txt/B3_085_甘肃银行推出22条措施助力稳经济促发展_da7f6c3fc5.txt,4256,e2ba2b3f9db11851b7410c86b3d5c0a12849139a9b93e26326a68c903575fd68,third_party_raw_fulltext_redistribution_not_established
release_package/04_数据与知识资源/unstructured_pipeline_snapshot/batch3_large_90/clean_txt/B3_086_甘肃银行扶持小微企业发展篇.txt,6654,b6d444cc3b01606d074cf40e9bb75743b70e87391946a7d2c071991dfcb2c5ac,third_party_raw_fulltext_redistribution_not_established
release_package/04_数据与知识资源/unstructured_pipeline_snapshot/batch3_large_90/clean_txt/B3_086_甘肃银行扶持小微企业发展篇_4f0ccd4125.txt,4472,14cef850cc7a4ed0f93925053cdc74eb0ecdfd6b3731873fbcd542a8c0d02075,third_party_raw_fulltext_redistribution_not_established
release_package/04_数据与知识资源/unstructured_pipeline_snapshot/batch3_large_90/clean_txt/B3_087_甘肃银行三抓三促推动高质量发展.txt,18202,f29a35652375c402dd2bb98fedea8f7c6d84a1e243294fd26419fc62cbe1d0d4,third_party_raw_fulltext_redistribution_not_established
release_package/04_数据与知识资源/unstructured_pipeline_snapshot/batch3_large_90/clean_txt/B3_087_甘肃银行三抓三促推动高质量发展_5d9aecf1c7.txt,16090,a25aff1978cc192093e134de8a72c972f3fee0dea7366c5e032dc6090fe419d8,third_party_raw_fulltext_redistribution_not_established
release_package/04_数据与知识资源/unstructured_pipeline_snapshot/batch3_large_90/clean_txt/B3_088_甘肃银行普惠金融服务体系.txt,13070,adc9964f62a90e6b77a4e2b9b71005d8f485cfa9232881a45313920442d9b813,third_party_raw_fulltext_redistribution_not_established
release_package/04_数据与知识资源/unstructured_pipeline_snapshot/batch3_large_90/clean_txt/B3_088_甘肃银行普惠金融服务体系_055ab6e074.txt,10949,5d69fd2d1df9d42d3a72985d25c31d44dee4d84314ce6e4918acfd92ef4acf28,third_party_raw_fulltext_redistribution_not_established
release_package/04_数据与知识资源/unstructured_pipeline_snapshot/batch3_large_90/clean_txt/B3_089_甘肃银行科技贷产品页.txt,3038,814edce41c2f451312529eae7651180d8f6675b46f0a483c43338108f4277597,third_party_raw_fulltext_redistribution_not_established
release_package/04_数据与知识资源/unstructured_pipeline_snapshot/batch3_large_90/clean_txt/B3_089_甘肃银行科技贷产品页_45e901fc9e.txt,3221,30bc6f0fcdcb6641fa0cdcbded4db60a468470f2a7314135dcb512f6acac2ad7,third_party_raw_fulltext_redistribution_not_established
release_package/04_数据与知识资源/unstructured_pipeline_snapshot/batch3_large_90/clean_txt/B3_090_甘肃银行惠知贷产品页.txt,2819,fa701a8ea81f45224200eac829762470cf458ba2aaf5828fb29363323b04ca1f,third_party_raw_fulltext_redistribution_not_established
release_package/04_数据与知识资源/unstructured_pipeline_snapshot/batch3_large_90/clean_txt/B3_090_甘肃银行惠知贷产品页_7ce8519c1e.txt,3002,269b43d4216ba677ba8c00641893f930df29df457a8be3fe0847053f9baa830e,third_party_raw_fulltext_redistribution_not_established
release_package/04_数据与知识资源/unstructured_pipeline_snapshot/batch3_large_90/clean_txt/B3_091_中国银行科创贷知惠贷小微企业服务.txt,6871,50160f2c5ef5c613e531bbb507a825d9bd9248636c10fee3b09218cf791698a0,third_party_raw_fulltext_redistribution_not_established
release_package/04_数据与知识资源/unstructured_pipeline_snapshot/batch3_large_90/clean_txt/B3_091_中国银行科创贷知惠贷小微企业服务_33fbb76bd5.txt,5178,b5bee1f300bc6dad160dee9631f217d72a73b087d6ecfa445b22d9609739c251,third_party_raw_fulltext_redistribution_not_established
release_package/04_数据与知识资源/unstructured_pipeline_snapshot/batch3_large_90/clean_txt/B3_092_邮储银行知识产权质押贷款服务案例_19842c967e.txt,258,6ff15eaa4216c60c653b0da4f77ee66266248867ca4485bace30604a46dabaa6,third_party_raw_fulltext_redistribution_not_established
release_package/04_数据与知识资源/unstructured_pipeline_snapshot/batch3_large_90/clean_txt/B3_093_邮储银行科技信用贷款知识产权质押贷款产品_e27ccca60c.txt,270,730c20227a27cafa0ac8a7e88af0a00d4147e4cfa3adcee735a9f40e5c97a705,third_party_raw_fulltext_redistribution_not_established
release_package/04_数据与知识资源/unstructured_pipeline_snapshot/batch3_large_90/clean_txt/B3_FLAT_001_aca1b11aa4.txt,3479,041b6e4d0a449bd239e86a50491f07e651e081c3617b45732725759d960259af,third_party_raw_fulltext_redistribution_not_established
release_package/04_数据与知识资源/unstructured_pipeline_snapshot/batch3_large_90/clean_txt/B3_FLAT_002_c1e599878e.txt,31609,08272ec560522bb06760d181dd348cde161c7f4e252eecdcb6092be05aaa57ec,third_party_raw_fulltext_redistribution_not_established
release_package/04_数据与知识资源/unstructured_pipeline_snapshot/batch3_large_90/clean_txt/B3_FLAT_003_8ec99911d5.txt,44537,6ad288145d34e684bd968fa3687b7c229d2a679620314e17b676d31893e384eb,third_party_raw_fulltext_redistribution_not_established
release_package/04_数据与知识资源/unstructured_pipeline_snapshot/batch3_large_90/clean_txt/B3_FLAT_004_bc3d95fb5b.txt,3486,1cb9530620022ba2b845c189db92a812dda0f017f972874d10ea54c4a747ed44,third_party_raw_fulltext_redistribution_not_established
release_package/04_数据与知识资源/unstructured_pipeline_snapshot/batch3_large_90/clean_txt/B3_FLAT_005_ed0cb10685.txt,2730,82c3f41ba8fb28882296bb0c5020e3359bbb42dd2963680974fdec2bacad6a01,third_party_raw_fulltext_redistribution_not_established
release_package/04_数据与知识资源/unstructured_pipeline_snapshot/batch3_large_90/clean_txt/B3_FLAT_006_f1d3c07910.txt,3495,7fe8efa5707578f04ab0622304da160c601fc8509448f44ecd063c9a136146ca,third_party_raw_fulltext_redistribution_not_established
release_package/04_数据与知识资源/unstructured_pipeline_snapshot/batch3_large_90/clean_txt/B3_FLAT_007_31eda6b799.txt,3318,46743d8b99a1a585c553d66a378766dfa7e2ab3932d654072f23d294144373b0,third_party_raw_fulltext_redistribution_not_established
release_package/04_数据与知识资源/unstructured_pipeline_snapshot/batch3_large_90/clean_txt/B3_FLAT_008_de2f1ce5f9.txt,3228,31487a646d1fa10b1f0c4280f2e594e5d4430426cafa09b9500c209d415e273a,third_party_raw_fulltext_redistribution_not_established
release_package/04_数据与知识资源/unstructured_pipeline_snapshot/batch3_large_90/clean_txt/B3_FLAT_009_f8dd2fb285.txt,2532,05a03a6cef83208e4e58f2ceee288a034085bb4c0753cc6da66444b77e93afca,third_party_raw_fulltext_redistribution_not_established
release_package/04_数据与知识资源/unstructured_pipeline_snapshot/batch3_large_90/clean_txt/B3_FLAT_010_db250ce8cf.txt,7837,246ac6495a9bca800fafd677b1678ed2081884d5f5592a8d4911879a69bc1789,third_party_raw_fulltext_redistribution_not_established
release_package/04_数据与知识资源/unstructured_pipeline_snapshot/batch3_large_90/clean_txt/B3_FLAT_011_35cd050133.txt,2892,5e3a9879bc4fd1e12acfc1bf52c0bfbcda8bd95a2ca162367bccc3699f95a65e,third_party_raw_fulltext_redistribution_not_established
release_package/04_数据与知识资源/unstructured_pipeline_snapshot/batch3_large_90/clean_txt/B3_FLAT_012_b0d41d8ef6.txt,18563,5a6d4aa428de0e0b84ec4a5e6b83be26d5463c28103885e866988a03c51df2fa,third_party_raw_fulltext_redistribution_not_established
release_package/04_数据与知识资源/unstructured_pipeline_snapshot/batch3_large_90/clean_txt/B3_FLAT_013_3328a9411d.txt,4199,96f5fc43ce0409f38d5797e18a0c948680d7513c8ca02f97ec26b7501c045d36,third_party_raw_fulltext_redistribution_not_established
release_package/04_数据与知识资源/unstructured_pipeline_snapshot/batch3_large_90/clean_txt/B3_FLAT_014_b91499b269.txt,11511,ac14cf335c1c48b1be2afc6c7cd481992845c35abce8ef11c78a5207dcc42654,third_party_raw_fulltext_redistribution_not_established
release_package/04_数据与知识资源/unstructured_pipeline_snapshot/batch3_large_90/clean_txt/B3_FLAT_015_9a28e73759.txt,5464,85b99d38623d1813c526248943f9c725e2f51284b1b8fb615df589ec76c785a7,third_party_raw_fulltext_redistribution_not_established
release_package/04_数据与知识资源/unstructured_pipeline_snapshot/batch3_large_90/clean_txt/B3_FLAT_016_c616f56f65.txt,6031,2494711eee59628b94a874ac4b13f353c6d5029a2847adff0f7b3a1855a6410e,third_party_raw_fulltext_redistribution_not_established
release_package/04_数据与知识资源/unstructured_pipeline_snapshot/batch3_large_90/clean_txt/B3_FLAT_017_e69dc339c4.txt,3474,4c306c0a3705e8eb3728b68f626b74e5a1a10b455726f4ef3d62aea6f41efe06,third_party_raw_fulltext_redistribution_not_established
release_package/04_数据与知识资源/unstructured_pipeline_snapshot/batch3_large_90/clean_txt/B3_FLAT_018_6741d7f672.txt,2961,98f43360a2a5fbf9235a1d8a8a53194dffcf5ac9c7d4b9e68442490ef53309cc,third_party_raw_fulltext_redistribution_not_established
release_package/04_数据与知识资源/unstructured_pipeline_snapshot/batch3_large_90/clean_txt/B3_FLAT_019_5bc5fd9fdb.txt,14756,2b67a00471790b7d57e51e2698f4a705347e017c3a65502c39009f7b7821cea0,third_party_raw_fulltext_redistribution_not_established
release_package/04_数据与知识资源/unstructured_pipeline_snapshot/batch3_large_90/clean_txt/B3_FLAT_020_490f4dcf6f.txt,4973,05b05d36c5238059486230b8efd4a1dd1571be5c23a7a07966e738b0fd6ca096,third_party_raw_fulltext_redistribution_not_established
release_package/04_数据与知识资源/unstructured_pipeline_snapshot/batch3_large_90/clean_txt/B3_FLAT_021_c05e1fab5d.txt,3761,fcb0e4c3a1d59c470851172d1df60bcf80ef6815495409acd12d83e3baf6028d,third_party_raw_fulltext_redistribution_not_established
release_package/04_数据与知识资源/unstructured_pipeline_snapshot/batch3_large_90/clean_txt/B3_FLAT_022_6fb1d2163b.txt,31330,db2b8f22cd867898537920c11bbfb6a7390091ef8af530ad123b938589d5917d,third_party_raw_fulltext_redistribution_not_established
release_package/04_数据与知识资源/unstructured_pipeline_snapshot/batch3_large_90/clean_txt/B3_FLAT_023_7c81195495.txt,16892,cb1edcca62525f048a4366792abecccdc9bef79d6d61fcad782b350f70097bab,third_party_raw_fulltext_redistribution_not_established
release_package/04_数据与知识资源/unstructured_pipeline_snapshot/batch3_large_90/clean_txt/B3_FLAT_024_f6e65a67c9.txt,23889,29e051c720646c06b2430d058fcb45c91c40a29fd936f5d548edd412c473181a,third_party_raw_fulltext_redistribution_not_established
release_package/04_数据与知识资源/unstructured_pipeline_snapshot/batch3_large_90/clean_txt/B3_FLAT_025_6e55d681a3.txt,20447,602358bee6a5a3bd02b488e8b62c6ff18c063a086ff7f5dfb8649c219c6c82e6,third_party_raw_fulltext_redistribution_not_established
release_package/04_数据与知识资源/unstructured_pipeline_snapshot/batch3_large_90/clean_txt/B3_FLAT_026_f0ea7afa01.txt,2131,07f7b5b4b2001375fa3dc27a78d3ef8504854d26f4263152f6165730d78e56ba,third_party_raw_fulltext_redistribution_not_established
release_package/04_数据与知识资源/unstructured_pipeline_snapshot/batch3_large_90/clean_txt/B3_FLAT_027_5039461743.txt,2218,02437dd72fb8eab3f62c19a3d65d864ea817503dc95351034edab605bf2b69ce,third_party_raw_fulltext_redistribution_not_established
release_package/04_数据与知识资源/unstructured_pipeline_snapshot/batch3_large_90/clean_txt/B3_FLAT_028_1b54fd6997.txt,23230,bfd6dfa127b7c39d48eeab58d7a7924c966a0cf9bf80cce75509c3517510ff31,third_party_raw_fulltext_redistribution_not_established
release_package/04_数据与知识资源/unstructured_pipeline_snapshot/batch3_large_90/clean_txt/B3_FLAT_029_a756885ef2.txt,10358,51f112864943baf6902bac8f7938b008610437e6396c92db7045d3703ec05488,third_party_raw_fulltext_redistribution_not_established
release_package/04_数据与知识资源/unstructured_pipeline_snapshot/batch3_large_90/clean_txt/B3_FLAT_030_95b4e21021.txt,11298,46c9e72a76459623566851df040e638679306606770c00538586abd5a8d58823,third_party_raw_fulltext_redistribution_not_established
release_package/04_数据与知识资源/unstructured_pipeline_snapshot/batch3_large_90/clean_txt/B3_FLAT_031_254b61b86a.txt,6137,f4fa1404c1e8fe91661a8a394ebd33a5320724a7e08f27e67d22a7b63d701ecc,third_party_raw_fulltext_redistribution_not_established
release_package/04_数据与知识资源/unstructured_pipeline_snapshot/batch3_large_90/clean_txt/B3_FLAT_032_c97d2d6fec.txt,4025,c939ff3395792653b31ed39d634b0c62dc61765b14fc3e8aff3ed5eb776ecd81,third_party_raw_fulltext_redistribution_not_established
release_package/04_数据与知识资源/unstructured_pipeline_snapshot/batch3_large_90/clean_txt/B3_FLAT_033_83a4e19c86.txt,4135,9463ed14f86d9d3e10006e1ddeb7a7fb51f3310b64cd47fb3c9adc3012cc11e2,third_party_raw_fulltext_redistribution_not_established
release_package/04_数据与知识资源/unstructured_pipeline_snapshot/batch3_large_90/clean_txt/B3_FLAT_034_9bacb42c49.txt,4311,0b966e6ebb86cb167b393a0e825f810246bb133d9358171413ac296c55c3f2bb,third_party_raw_fulltext_redistribution_not_established
release_package/04_数据与知识资源/unstructured_pipeline_snapshot/batch3_large_90/clean_txt/B3_FLAT_035_c39cb9360d.txt,5472,58e4b19b1541a1dfb91a8d5be0b0231c9bf4b5445653ac66516106b06273a1f8,third_party_raw_fulltext_redistribution_not_established
release_package/04_数据与知识资源/unstructured_pipeline_snapshot/batch3_large_90/clean_txt/B3_FLAT_036_13970d32a1.txt,4719,ba1445d7f3f177c03abc94c8231471acb0fde02fb61dfa6828dd2e5737c673aa,third_party_raw_fulltext_redistribution_not_established
release_package/04_数据与知识资源/unstructured_pipeline_snapshot/batch3_large_90/clean_txt/B3_FLAT_037_a03d64780e.txt,10406,32baf26ff98c644f74c8a360fdaa6eaae99865080ef0aadab969aee34f242a82,third_party_raw_fulltext_redistribution_not_established
release_package/04_数据与知识资源/unstructured_pipeline_snapshot/batch3_large_90/clean_txt/B3_FLAT_038_2266067bbc.txt,11339,4a0255681baefc90e44756dae7e4775d24c13d708b36f48a2bac672002ffd8d7,third_party_raw_fulltext_redistribution_not_established
release_package/04_数据与知识资源/unstructured_pipeline_snapshot/batch3_large_90/clean_txt/B3_FLAT_039_1b0c8d6063.txt,9388,3bfa3c06f8dab59da22b0e34d12d41b63765fa9a6da5f35a98969c6bd60d522b,third_party_raw_fulltext_redistribution_not_established
release_package/04_数据与知识资源/unstructured_pipeline_snapshot/batch3_large_90/clean_txt/B3_FLAT_040_26e7fafce9.txt,3999,3efe7cc94c6b630a9949dbcd52084439b8ce332b277d8b9f462dce2c586469b8,third_party_raw_fulltext_redistribution_not_established
release_package/04_数据与知识资源/unstructured_pipeline_snapshot/batch3_large_90/clean_txt/B3_FLAT_041_2fa8fd2c3c.txt,5175,63cd86a5aeb2d3725db1f9ee78d5365141e878b42ff3da5c273b55b703706a6a,third_party_raw_fulltext_redistribution_not_established
release_package/04_数据与知识资源/unstructured_pipeline_snapshot/batch3_large_90/clean_txt/B3_FLAT_042_3686f634ad.txt,3847,5eda7c447405cd15f7b0c18dbe6a46cd49df2ea71f8a8c720f23358dd9114365,third_party_raw_fulltext_redistribution_not_established
release_package/04_数据与知识资源/unstructured_pipeline_snapshot/batch3_large_90/clean_txt/B3_FLAT_043_576dce972b.txt,4506,85ebf841459457168e55ff19f67f2133d1c6074c40e67da5e8d61e79ff50a66c,third_party_raw_fulltext_redistribution_not_established
release_package/04_数据与知识资源/unstructured_pipeline_snapshot/batch3_large_90/clean_txt/B3_FLAT_044_679b07118f.txt,5153,39c76ed6efd693521aab4a924f9502fbb83c6948444c33b0217addc4bacc817e,third_party_raw_fulltext_redistribution_not_established
release_package/04_数据与知识资源/unstructured_pipeline_snapshot/batch3_large_90/clean_txt/B3_FLAT_045_6d6fedc6d8.txt,5406,695b67c5175c72e6491779d64250614481198fef4ec7d40d8031edd073c1173a,third_party_raw_fulltext_redistribution_not_established
release_package/04_数据与知识资源/unstructured_pipeline_snapshot/batch3_large_90/clean_txt/B3_FLAT_046_fbd1fdd911.txt,5248,3b06feb9dad2626d33dafc908c874c856b24e462fa526c38b79ce7ffea10f6f4,third_party_raw_fulltext_redistribution_not_established
release_package/04_数据与知识资源/unstructured_pipeline_snapshot/batch3_large_90/clean_txt/B3_FLAT_047_29b1ce36a9.txt,5063,833f7251f53fd13bfde7be68cfbd8f5cdceb640ae6cdac46b8ca326545182828,third_party_raw_fulltext_redistribution_not_established
release_package/04_数据与知识资源/unstructured_pipeline_snapshot/batch3_large_90/clean_txt/B3_FLAT_048_694266155a.txt,5244,a08cbbe2fd572c43c8ab60f43d052cf74a707e566d845ef4918b02cfcb7fed1b,third_party_raw_fulltext_redistribution_not_established
release_package/04_数据与知识资源/unstructured_pipeline_snapshot/batch3_large_90/clean_txt/B3_FLAT_049_4c0a32e632.txt,5150,093153ef31cca110a255277e7f58cf7dda46c3d95fc4d003ce72b2c90a352c15,third_party_raw_fulltext_redistribution_not_established
release_package/04_数据与知识资源/unstructured_pipeline_snapshot/batch3_large_90/clean_txt/B3_FLAT_050_e0330e4c32.txt,12547,4c045de76f4518c384d9c5a538c5c88a7615d524938d98a6defc0295e5f8e003,third_party_raw_fulltext_redistribution_not_established
release_package/04_数据与知识资源/unstructured_pipeline_snapshot/batch3_large_90/clean_txt/B3_FLAT_051_b5df97edb1.txt,18403,8bbe77c41f09dc873ad491836823780a0ed6934cbb9dd1a356f45a9c159ce58e,third_party_raw_fulltext_redistribution_not_established
release_package/04_数据与知识资源/unstructured_pipeline_snapshot/batch3_large_90/clean_txt/B3_FLAT_052_b822ff8c5b.txt,21436,cd0d01dc8c7fba95cdde4d91f550fb9cd291a3162e4f16dd4d5742e1d6169a6a,third_party_raw_fulltext_redistribution_not_established
release_package/04_数据与知识资源/unstructured_pipeline_snapshot/batch3_large_90/clean_txt/B3_FLAT_053_470729d0e8.txt,7045,38d502365dbd26a883c9935553ec2db534105ed15cd0d6d7e5468423619b675b,third_party_raw_fulltext_redistribution_not_established
release_package/04_数据与知识资源/unstructured_pipeline_snapshot/batch3_large_90/manual_export_60_flat/B3_ZIPMAIN_001.html,34962,26abcb6d5acd908f1d48623ac5e159b1567d3511a7d2dce0cf22cd8064d25cb8,third_party_raw_fulltext_redistribution_not_established
release_package/04_数据与知识资源/unstructured_pipeline_snapshot/batch3_large_90/manual_export_60_flat/B3_ZIPMAIN_002.html,109030,d6e11010c0a4dbffa42bf2442ee4659c2447f9a2b7f455a9d48c44004beabcaa,third_party_raw_fulltext_redistribution_not_established
release_package/04_数据与知识资源/unstructured_pipeline_snapshot/batch3_large_90/manual_export_60_flat/B3_ZIPMAIN_003.html,122708,af4efbbb3ae7c1c86100ce3d3aca5e6bdcf7a1cd25ef14f10bf6c849fbdbbac0,third_party_raw_fulltext_redistribution_not_established
release_package/04_数据与知识资源/unstructured_pipeline_snapshot/batch3_large_90/manual_export_60_flat/B3_ZIPMAIN_004.html,35892,e34e5d3c8ef858b77af884da6499b63423d0b64ce3de7bd3bd29cbb9ce2574ef,third_party_raw_fulltext_redistribution_not_established
release_package/04_数据与知识资源/unstructured_pipeline_snapshot/batch3_large_90/manual_export_60_flat/B3_ZIPMAIN_005.html,34539,ee3b4d44d99516a64f670f1e0c8da62bd5e000dd73322dc1cfc17abaf0046f38,third_party_raw_fulltext_redistribution_not_established
release_package/04_数据与知识资源/unstructured_pipeline_snapshot/batch3_large_90/manual_export_60_flat/B3_ZIPMAIN_006.html,35987,a7fe72c7f1b9f8b3e1b9a8d363ffa1ddb9b05df588ffbe11c35cfb11832c4a45,third_party_raw_fulltext_redistribution_not_established
release_package/04_数据与知识资源/unstructured_pipeline_snapshot/batch3_large_90/manual_export_60_flat/B3_ZIPMAIN_007.html,36025,b0bdfbc0f55bfec18989f0125749a9d222cafb4aa7ca83a2426b10cf55655304,third_party_raw_fulltext_redistribution_not_established
release_package/04_数据与知识资源/unstructured_pipeline_snapshot/batch3_large_90/manual_export_60_flat/B3_ZIPMAIN_008.html,34954,edb4f31af611019f56f16aa3c0081a6ab31cab8ad446505d147fc245d6c01aa3,third_party_raw_fulltext_redistribution_not_established
release_package/04_数据与知识资源/unstructured_pipeline_snapshot/batch3_large_90/manual_export_60_flat/B3_ZIPMAIN_009.html,33862,234a2e81b1ae6838ea56a84c068a9acf67407782908451b59bcfb76ab0932b2d,third_party_raw_fulltext_redistribution_not_established
release_package/04_数据与知识资源/unstructured_pipeline_snapshot/batch3_large_90/manual_export_60_flat/B3_ZIPMAIN_010.html,41391,4eb7df55cb2865cf616b17ea9b5a3d8f878c3e5e2672a335c390331bf290212b,third_party_raw_fulltext_redistribution_not_established
release_package/04_数据与知识资源/unstructured_pipeline_snapshot/batch3_large_90/manual_export_60_flat/B3_ZIPMAIN_011.html,34802,8226fbf1d2b602f69dfdf39e9b4518b4e3b008765fa5d362024e04bfcbfbae86,third_party_raw_fulltext_redistribution_not_established
release_package/04_数据与知识资源/unstructured_pipeline_snapshot/batch3_large_90/manual_export_60_flat/B3_ZIPMAIN_012.html,93878,718bbbdec9859e1c9667261a1f0a442529d8d36c501f12103a4cabb03743496a,third_party_raw_fulltext_redistribution_not_established
release_package/04_数据与知识资源/unstructured_pipeline_snapshot/batch3_large_90/manual_export_60_flat/B3_ZIPMAIN_013.html,35190,0867d72033385b55ea45b8a2481c24e8f452478cc0de4f2b1aed6d8ae4bdb101,third_party_raw_fulltext_redistribution_not_established
release_package/04_数据与知识资源/unstructured_pipeline_snapshot/batch3_large_90/manual_export_60_flat/B3_ZIPMAIN_014.html,84186,4bc985dde7213a2b3b7a5f2ac8a302686744a9cf1d1c4a9ea7a8b18dd1e738bc,third_party_raw_fulltext_redistribution_not_established
release_package/04_数据与知识资源/unstructured_pipeline_snapshot/batch3_large_90/manual_export_60_flat/B3_ZIPMAIN_015.html,35781,32b7afcbf0795f699c6500dbc085769a688708892ed2478e28a2dbd64c12c91b,third_party_raw_fulltext_redistribution_not_established
release_package/04_数据与知识资源/unstructured_pipeline_snapshot/batch3_large_90/manual_export_60_flat/B3_ZIPMAIN_016.html,45349,d3266d473ab8401edc0c8094fb696420bc63c012a059006900666b5abc299021,third_party_raw_fulltext_redistribution_not_established
release_package/04_数据与知识资源/unstructured_pipeline_snapshot/batch3_large_90/manual_export_60_flat/B3_ZIPMAIN_017.html,34262,b644bf5e9a27c9efc255f74f059ac029c6d3a57d0085b2462d241c338edbb6cc,third_party_raw_fulltext_redistribution_not_established
release_package/04_数据与知识资源/unstructured_pipeline_snapshot/batch3_large_90/manual_export_60_flat/B3_ZIPMAIN_018.html,34410,950ecb5c0e58ef6c3f83ee59edd1210c329bbdc8534470ca27a8e47edc87ad23,third_party_raw_fulltext_redistribution_not_established
release_package/04_数据与知识资源/unstructured_pipeline_snapshot/batch3_large_90/manual_export_60_flat/B3_ZIPMAIN_019.html,87938,d9856a49bad4e3919f626fd86797c9936046ea42f8fd6c7edf6b1e3ddd4edfd9,third_party_raw_fulltext_redistribution_not_established
release_package/04_数据与知识资源/unstructured_pipeline_snapshot/batch3_large_90/manual_export_60_flat/B3_ZIPMAIN_020.html,35340,e3dba3da17c930c499935138322a8514c4977e2892db900fc771722b31340763,third_party_raw_fulltext_redistribution_not_established
release_package/04_数据与知识资源/unstructured_pipeline_snapshot/batch3_large_90/manual_export_60_flat/B3_ZIPMAIN_021.html,34771,261905765da0126b152726b70488b150626da7168a4916a14305fcaf35f28f51,third_party_raw_fulltext_redistribution_not_established
release_package/04_数据与知识资源/unstructured_pipeline_snapshot/batch3_large_90/manual_export_60_flat/B3_ZIPMAIN_022.html,114020,7ee9252c6f759a34ebf4a3d777c56a6490b108521eeb31a5ed2a7d5f7672332e,third_party_raw_fulltext_redistribution_not_established
release_package/04_数据与知识资源/unstructured_pipeline_snapshot/batch3_large_90/manual_export_60_flat/B3_ZIPMAIN_023.html,86221,e9f376f45def7046cffc42c29f287c8302b5110cdc4891226d3754cb371e3607,third_party_raw_fulltext_redistribution_not_established
release_package/04_数据与知识资源/unstructured_pipeline_snapshot/batch3_large_90/manual_export_60_flat/B3_ZIPMAIN_024.html,101699,fb77415b490e9a69fc5be7bb2541dd02b7d6f42defb6a34273b2724073c69cfa,third_party_raw_fulltext_redistribution_not_established
release_package/04_数据与知识资源/unstructured_pipeline_snapshot/batch3_large_90/manual_export_60_flat/B3_ZIPMAIN_025.html,90288,7606a548577dc431fcf15b30f8b355ab3e6ab533e3ed233f5537d455022917c6,third_party_raw_fulltext_redistribution_not_established
release_package/04_数据与知识资源/unstructured_pipeline_snapshot/batch3_large_90/manual_export_60_flat/B3_ZIPMAIN_026.html,31199,88a07bbfa9349a31ffcabe6c6008e873923af724866b9f24401ddb47c1001a71,third_party_raw_fulltext_redistribution_not_established
release_package/04_数据与知识资源/unstructured_pipeline_snapshot/batch3_large_90/manual_export_60_flat/B3_ZIPMAIN_027.html,31505,fbb92c9a16c01bb6adc0eb3af761d31581348c2b2ae4911b280cb2eaeaa3b18d,third_party_raw_fulltext_redistribution_not_established
release_package/04_数据与知识资源/unstructured_pipeline_snapshot/batch3_large_90/manual_export_60_flat/B3_ZIPMAIN_028.html,122138,89a904133a3d633323e8405965a4393dad937bb91a52fa841fef2a511e118bc2,third_party_raw_fulltext_redistribution_not_established
release_package/04_数据与知识资源/unstructured_pipeline_snapshot/batch3_large_90/manual_export_60_flat/B3_ZIPMAIN_029.html,84246,fab1e9030a48657c501d02e11cb0fa9a5d94c142b7d02e6e7c07f1ea4b5df988,third_party_raw_fulltext_redistribution_not_established
release_package/04_数据与知识资源/unstructured_pipeline_snapshot/batch3_large_90/manual_export_60_flat/B3_ZIPMAIN_030.html,88016,1dacfa431074cc6bb39c28bc0b465f90a1d845ffe837344b90ee021e4121c7f3,third_party_raw_fulltext_redistribution_not_established
release_package/04_数据与知识资源/unstructured_pipeline_snapshot/batch3_large_90/manual_export_60_flat/B3_ZIPMAIN_031.html,78473,f162212bd304d194497649da799b708ef2cbb214d3eece9204c8fb8fc9d80a0e,third_party_raw_fulltext_redistribution_not_established
release_package/04_数据与知识资源/unstructured_pipeline_snapshot/batch3_large_90/manual_export_60_flat/B3_ZIPMAIN_032.html,78028,17f3e8e55b21d4e8ef6c866322d555d8acdd006a99ca2100dcc929c97759cb5c,third_party_raw_fulltext_redistribution_not_established
release_package/04_数据与知识资源/unstructured_pipeline_snapshot/batch3_large_90/manual_export_60_flat/B3_ZIPMAIN_033.html,76670,00692dacd88ac82c9d53bbd035669055cb6debce0b71bf5b3041082468d66b32,third_party_raw_fulltext_redistribution_not_established
release_package/04_数据与知识资源/unstructured_pipeline_snapshot/batch3_large_90/manual_export_60_flat/B3_ZIPMAIN_034.html,77404,288ebc1a91b125c6901daf1042462aa48d2be64a5331ef51826ff8d8b6b127fd,third_party_raw_fulltext_redistribution_not_established
release_package/04_数据与知识资源/unstructured_pipeline_snapshot/batch3_large_90/manual_export_60_flat/B3_ZIPMAIN_035.html,77425,4cba558918d17b90ddd71492a458c6846e792372c628f4d29a163360094d113e,third_party_raw_fulltext_redistribution_not_established
release_package/04_数据与知识资源/unstructured_pipeline_snapshot/batch3_large_90/manual_export_60_flat/B3_ZIPMAIN_036.html,77937,c388f2ae3818d708648140b86203a4ad2f775f43d8e4c9ccec88b3d18beb92e9,third_party_raw_fulltext_redistribution_not_established
release_package/04_数据与知识资源/unstructured_pipeline_snapshot/batch3_large_90/manual_export_60_flat/B3_ZIPMAIN_037.html,84361,403c33d18e02a8a0a67b6a5aec95d5ae51ed99fb402a0452a6bf7d08a358fcf4,third_party_raw_fulltext_redistribution_not_established
release_package/04_数据与知识资源/unstructured_pipeline_snapshot/batch3_large_90/manual_export_60_flat/B3_ZIPMAIN_038.html,87377,d47755ed99e3cb5314fd742834f285d85df6f2d1a45994066f0b25528b932145,third_party_raw_fulltext_redistribution_not_established
release_package/04_数据与知识资源/unstructured_pipeline_snapshot/batch3_large_90/manual_export_60_flat/B3_ZIPMAIN_039.html,81290,7ab0db901f3179a8ef4176366484f916a96706319cc46864bc43c5e43008ba5c,third_party_raw_fulltext_redistribution_not_established
release_package/04_数据与知识资源/unstructured_pipeline_snapshot/batch3_large_90/manual_export_60_flat/B3_ZIPMAIN_040.html,76421,44627108a4ce7fae338eaa54d062964e23d5ed8cce6ade51bad737cf7b717280,third_party_raw_fulltext_redistribution_not_established
release_package/04_数据与知识资源/unstructured_pipeline_snapshot/batch3_large_90/manual_export_60_flat/B3_ZIPMAIN_041.html,77428,a3c79c0f691df919374d6ff2a8c287df5f33e19ef1ee62bcebcf4526aeb14a4c,third_party_raw_fulltext_redistribution_not_established
release_package/04_数据与知识资源/unstructured_pipeline_snapshot/batch3_large_90/manual_export_60_flat/B3_ZIPMAIN_042.html,75637,87b8bf103d62e909bf87a9b84232f897932ad4a4d5eed2de1171b133c9712f96,third_party_raw_fulltext_redistribution_not_established
release_package/04_数据与知识资源/unstructured_pipeline_snapshot/batch3_large_90/manual_export_60_flat/B3_ZIPMAIN_043.html,76398,4b9141bff0d650a4d16553ae2fd4e9a605817c81b7e1b77ebd3807f5fd457169,third_party_raw_fulltext_redistribution_not_established
release_package/04_数据与知识资源/unstructured_pipeline_snapshot/batch3_large_90/manual_export_60_flat/B3_ZIPMAIN_044.html,76979,29ac2976242470fc8bce597f64421de34e43cbd030e262f914d11dbe5ff733f2,third_party_raw_fulltext_redistribution_not_established
release_package/04_数据与知识资源/unstructured_pipeline_snapshot/batch3_large_90/manual_export_60_flat/B3_ZIPMAIN_045.html,77800,e90c1ec8305432af9bc4b9a251b7bd52b14ef0593ffc1d31079a8f7f56e8d218,third_party_raw_fulltext_redistribution_not_established
release_package/04_数据与知识资源/unstructured_pipeline_snapshot/batch3_large_90/manual_export_60_flat/B3_ZIPMAIN_046.html,77722,3e3bbc276ef8caf627bead33c339f3c8bb4b414f325d559eea9e77c545f7d006,third_party_raw_fulltext_redistribution_not_established
release_package/04_数据与知识资源/unstructured_pipeline_snapshot/batch3_large_90/manual_export_60_flat/B3_ZIPMAIN_047.html,78626,ae33b23099920d636eeca3b80f5f32ce6766f56472ce456652f16a52e38bdc4b,third_party_raw_fulltext_redistribution_not_established
release_package/04_数据与知识资源/unstructured_pipeline_snapshot/batch3_large_90/manual_export_60_flat/B3_ZIPMAIN_048.html,78393,5bb618dbbe317e4624e57e49d2fc6fb77911c92047cee3a0c761e9571f7840f4,third_party_raw_fulltext_redistribution_not_established
release_package/04_数据与知识资源/unstructured_pipeline_snapshot/batch3_large_90/manual_export_60_flat/B3_ZIPMAIN_049.html,79943,886e57ab10ef9161045420c2ae70986942bc1a1b79f7681b1d15efdd693efcf5,third_party_raw_fulltext_redistribution_not_established
release_package/04_数据与知识资源/unstructured_pipeline_snapshot/batch3_large_90/manual_export_60_flat/B3_ZIPMAIN_050.html,88055,552a6a53c27d08018864ee2a5d0dcc4cde8b6b027770b6dd2a2b5f5b6cb84b3d,third_party_raw_fulltext_redistribution_not_established
release_package/04_数据与知识资源/unstructured_pipeline_snapshot/batch3_large_90/manual_export_60_flat/B3_ZIPMAIN_051.html,92894,5f8a4c78f945bc16c5722643e1ee455b51ae6889c4e76eade08176d0cdcccb9b,third_party_raw_fulltext_redistribution_not_established
release_package/04_数据与知识资源/unstructured_pipeline_snapshot/batch3_large_90/manual_export_60_flat/B3_ZIPMAIN_052.html,100077,4bfec702c1ce40cf32d0040c33c7ac2fc5ed5ec3d4c42c8de09220d173c66ac8,third_party_raw_fulltext_redistribution_not_established
release_package/04_数据与知识资源/unstructured_pipeline_snapshot/batch3_large_90/manual_export_60_flat/B3_ZIPMAIN_053.html,76815,227339c09bb25679559f84bc16f412fef1fe78bfd560ccd03ad04f51f793b954,third_party_raw_fulltext_redistribution_not_established
release_package/04_数据与知识资源/unstructured_pipeline_snapshot/batch3_large_90/raw_html/B3_001_金融活水精准滴灌共绘陇原科创同心圆_142be2a238.html,6384,01c69a24fa23b89718811a7cc23fb751cfd45c7df51ffaed77516905ee1934ec,third_party_raw_fulltext_redistribution_not_established
release_package/04_数据与知识资源/unstructured_pipeline_snapshot/batch3_large_90/raw_html/B3_002_甘肃省推出20亿元再贷款助力科技型小微企业_e79e352ced.html,6334,a5603bf63faaee18d8c6ba6fb9e85dcd598add7da1c9bd197f894db3843c5199,third_party_raw_fulltext_redistribution_not_established
release_package/04_数据与知识资源/unstructured_pipeline_snapshot/batch3_large_90/raw_html/B3_003_甘肃持续推动科技金融协同发展_5d237b22eb.html,6359,75d37920b90c6ab4febc4d75c7fca2b41fb2833889f66260c2433a12f6ff6116,third_party_raw_fulltext_redistribution_not_established
release_package/04_数据与知识资源/unstructured_pipeline_snapshot/batch3_large_90/raw_html/B3_004_甘肃科技金融护航科技企业发展_c138e0b121.html,6360,6d100d59d0af44704aa0e315d16ddcc5b69e6e1adfefb2c8f63a048a69f9226c,third_party_raw_fulltext_redistribution_not_established
release_package/04_数据与知识资源/unstructured_pipeline_snapshot/batch3_large_90/raw_html/B3_005_金融活水呵护科技型中小企业成长_3aaa85023c.html,6452,dc9b61ac1621c6b15da9393325bca42dd281cb9f8ded9e357719fd8ab5ae7d7e,third_party_raw_fulltext_redistribution_not_established
release_package/04_数据与知识资源/unstructured_pipeline_snapshot/batch3_large_90/raw_html/B3_006_银行业保险业科技金融高质量发展实施方案转载_6fa219ead1.html,6345,723c3f7d1657f848ab8f689235704c819d0c2c7f54e619ab860fd965ab77b851,third_party_raw_fulltext_redistribution_not_established
release_package/04_数据与知识资源/unstructured_pipeline_snapshot/batch3_large_90/raw_html/B3_007_兰白基金科技金融对接会在兰成功举办_bb33ba05b8.html,6358,6bc8e2bd39df4a9cd08c7afeded66badd59803eba3c307fbe59db6987c0621c9,third_party_raw_fulltext_redistribution_not_established
release_package/04_数据与知识资源/unstructured_pipeline_snapshot/batch3_large_90/raw_html/B3_008_酒泉金融活水精准滴灌科技创新动能_df28d5c3a2.html,6319,a7ad9f00c32ee0066737303f6e913d363c74127149252ae71c52d68b649930c1,third_party_raw_fulltext_redistribution_not_established
release_package/04_数据与知识资源/unstructured_pipeline_snapshot/batch3_large_90/raw_html/B3_009_金昌强科技驱动高质量发展纪实_baaf5b99ec.html,6453,454602a43222e9ce8b164fdea012dc585eec83b2ed38f4f6cf83d6e1571fe0fc,third_party_raw_fulltext_redistribution_not_established
release_package/04_数据与知识资源/unstructured_pipeline_snapshot/batch3_large_90/raw_html/B3_010_兰州市深入推进161科技创新体系高质量发展_a1d200f31a.html,6352,c8508bb706c5f77a73f635ee12782a985a05a84d56838756c437629421edc1ae,third_party_raw_fulltext_redistribution_not_established
release_package/04_数据与知识资源/unstructured_pipeline_snapshot/batch3_large_90/raw_html/B3_011_甘南科技金融沙龙为科技型企业纾困赋能_d90ca53ee7.html,6416,11b19f4bbf4c71dc8603a896c8dff3d4ff96fccc13879d15543ab43af110b91b,third_party_raw_fulltext_redistribution_not_established
release_package/04_数据与知识资源/unstructured_pipeline_snapshot/batch3_large_90/raw_html/B3_012_武威政银协同送服务科技金融助企行_ce603699f7.html,6375,fd75eec699dce5be0b85f14c514fcb58b135ee4c297f40195dc234b45b74bd1f,third_party_raw_fulltext_redistribution_not_established
release_package/04_数据与知识资源/unstructured_pipeline_snapshot/batch3_large_90/raw_html/B3_013_甘南州科技局联合邮储银行召开科技型企业融资座谈会_fe287805de.html,6413,dbb7c0b54742080ae2849cc68ebf49655477ccc2c1be60c46042537ee925b1bc,third_party_raw_fulltext_redistribution_not_established
release_package/04_数据与知识资源/unstructured_pipeline_snapshot/batch3_large_90/raw_html/B3_014_武威科技金融融合赋能经济高质量发展_f9df4b52c3.html,6390,f9d7e9c280e5168fe67bc9229a79528df713c232e4c1095d5a9df14709d25a52,third_party_raw_fulltext_redistribution_not_established
release_package/04_数据与知识资源/unstructured_pipeline_snapshot/batch3_large_90/raw_html/B3_015_武威科技赋能中小企业高质量发展_937fae7ef6.html,6415,bbaed5ffa9f0189969c6a8cba8995afb98ac63248e01e8eefe5ccddd79c8db67,third_party_raw_fulltext_redistribution_not_established
release_package/04_数据与知识资源/unstructured_pipeline_snapshot/batch3_large_90/raw_html/B3_016_武威首笔知识产权质押贷款落地_b0ae11da77.html,6390,7b2d79a4820334f21ae784968f38e2a8fc7cee998f8fa718bb0b9fd05513a7b1,third_party_raw_fulltext_redistribution_not_established
release_package/04_数据与知识资源/unstructured_pipeline_snapshot/batch3_large_90/raw_html/B3_019_武威科技政策靶向供给助力民营经济高质量发展_9b27252d72.html,6416,3f05a48b515d221d141a4829ca9c1376603d5b6dcb0253e495ffae7a28767e8a,third_party_raw_fulltext_redistribution_not_established
release_package/04_数据与知识资源/unstructured_pipeline_snapshot/batch3_large_90/raw_html/B3_020_武威强化科技创新引擎驱动经济高质量发展_341a051577.html,6385,ad02d1fe0c5dc9ffd7ebe72e15a1c9264d373154ad90834c4cc9b62b5878815f,third_party_raw_fulltext_redistribution_not_established
release_package/04_数据与知识资源/unstructured_pipeline_snapshot/batch3_large_90/raw_html/B3_021_嘉峪关科技赋能金融助力政银企担融资对接会_f1eecd66a1.html,6369,0311a5a21fe188ecb840bad4330b00238c64a9c8f4642a0ff5c74565c4c24f60,third_party_raw_fulltext_redistribution_not_established
release_package/04_数据与知识资源/unstructured_pipeline_snapshot/batch3_large_90/raw_html/B3_022_兰州市97家企业成为科技创新再贷款备选企业_9e6f1287b9.html,6357,37075aae371ace76d8d0fef1b7f075786aa052da97712346ce4f65949e69f230,third_party_raw_fulltext_redistribution_not_established
release_package/04_数据与知识资源/unstructured_pipeline_snapshot/batch3_large_90/raw_html/B3_023_兰州高新区企业入选科技创新再贷款备选名单_b557b4869a.html,6368,8b6c11a96a8811bef2a433b108af61823d44f9213aadfc1575446700959ba74d,third_party_raw_fulltext_redistribution_not_established
release_package/04_数据与知识资源/unstructured_pipeline_snapshot/batch3_large_90/raw_html/B3_024_兰州市科技企业政银企对接会_c545a2d479.html,6336,81a0d65e5aef2ec5624451f1ee54ed7af935b0c08f9224f84804049b40661e60,third_party_raw_fulltext_redistribution_not_established
release_package/04_数据与知识资源/unstructured_pipeline_snapshot/batch3_large_90/raw_html/B3_025_兰州高新区加速打造生物医药产业新高地_866a1d4732.html,6367,ef5bf652dd5317607028b855d6078adb9b4e5647aaa02e430bb18f53dcaadd11,third_party_raw_fulltext_redistribution_not_established
release_package/04_数据与知识资源/unstructured_pipeline_snapshot/batch3_large_90/raw_html/B3_026_兰州金融赋能科技保险护航创新_72c9c581f9.html,6353,41695a113c8142de41b5c86623611f16e6fdd956ac55e4efc6bfbbd74f768466,third_party_raw_fulltext_redistribution_not_established
release_package/04_数据与知识资源/unstructured_pipeline_snapshot/batch3_large_90/raw_html/B3_027_兰州隐形独角兽企业培育实现跨越式发展_0e189ba441.html,6362,27a23a9e4ae0ec3e4f5f40946cc378ec8332ca37abb9bf4a0be53d8012a55f58,third_party_raw_fulltext_redistribution_not_established
release_package/04_数据与知识资源/unstructured_pipeline_snapshot/batch3_large_90/raw_html/B3_028_天水多措并举提高科技创新能力_2df8a1aab1.html,6388,b80790f173f0f393c60264e4bd08ea0005de4ac6da35fc53ff42ed5a91e8fec9,third_party_raw_fulltext_redistribution_not_established
release_package/04_数据与知识资源/unstructured_pipeline_snapshot/batch3_large_90/raw_html/B3_029_天水2024年度强科技行动十件大事_437714802b.html,6377,4f3f6952fa3437ba02538eeaed6480ef4815c2988354ef60fff5c40b4142b50d,third_party_raw_fulltext_redistribution_not_established
release_package/04_数据与知识资源/unstructured_pipeline_snapshot/batch3_large_90/raw_html/B3_030_天水2025年度强科技行动十件大事_26806b9d28.html,6357,e539c3560db5cd840ff336bbfaa02c4ed80fce46aaac6ccf9f2b5db111342c5a,third_party_raw_fulltext_redistribution_not_established
release_package/04_数据与知识资源/unstructured_pipeline_snapshot/batch3_large_90/raw_html/B3_031_庆阳市科技局举办科技企业融资对接会_9cd7543828.html,6484,c5a136b0487ccc44d3e6375d0786d70108b7205e11ea32cc41b6264bea431dc2,third_party_raw_fulltext_redistribution_not_established
release_package/04_数据与知识资源/unstructured_pipeline_snapshot/batch3_large_90/raw_html/B3_032_庆阳汇科技成果引金融活水_38c5afb176.html,6416,c2c19c3baea6bfb743afe959779bf27ea91fa56febc7cc2bc777105c632e7e3b,third_party_raw_fulltext_redistribution_not_established
release_package/04_数据与知识资源/unstructured_pipeline_snapshot/batch3_large_90/raw_html/B3_033_全国区域性科技创新及转化基地新闻发布会_efd90817f7.html,6344,6774ab3edcaa3cbbc7cb420d59625d51c8d594591ee952298c041d620aef50f2,third_party_raw_fulltext_redistribution_not_established
release_package/04_数据与知识资源/unstructured_pipeline_snapshot/batch3_large_90/raw_html/B3_034_2025年甘肃省金融运行情况新闻发布会实录_6ff9292761.html,6346,681ee6b87792ccec23b106717b367e50574d7a372f19e9bc8a447bb4eff2a901,third_party_raw_fulltext_redistribution_not_established
release_package/04_数据与知识资源/unstructured_pipeline_snapshot/batch3_large_90/raw_html/B3_035_金融聚力赋能陇原十四五成就新闻发布会实录_1b0fee80fc.html,6396,891ab12c8991288d1a0113e11f69ab6caf534dbd1018e63b57b1675729670d53,third_party_raw_fulltext_redistribution_not_established
release_package/04_数据与知识资源/unstructured_pipeline_snapshot/batch3_large_90/raw_html/B3_036_甘肃省十四五时期科技创新发展成就新闻发布会实录_38b0d550dc.html,6314,1d53911a647158821307821c1fbc05d02f95436103ef7849310ea6f162f585cd,third_party_raw_fulltext_redistribution_not_established
release_package/04_数据与知识资源/unstructured_pipeline_snapshot/batch3_large_90/raw_html/B3_037_交通银行甘肃省分行金融服务陇原发展_684e91ed3a.html,6413,4562ce8f2834366a83dfa66b13f47a0cacac0c3a5bd03522f07f9d2956dc22f0,third_party_raw_fulltext_redistribution_not_established
release_package/04_数据与知识资源/unstructured_pipeline_snapshot/batch3_large_90/raw_html/B3_038_中国银行甘肃省分行赋能地方高质量发展纪实_f3e79ad7b5.html,6361,0b9c30dc1d440ce25520271a463575be239fe48da72195247fb7380358186036,third_party_raw_fulltext_redistribution_not_established
release_package/04_数据与知识资源/unstructured_pipeline_snapshot/batch3_large_90/raw_html/B3_039_甘肃银行十四载服务地方经济高质量发展纪实_cce93dae99.html,6361,e46b31c2d277946fa0577bb69fadad072cf9a0b418cf4e0ac6e95b7686628ea1,third_party_raw_fulltext_redistribution_not_established
release_package/04_数据与知识资源/unstructured_pipeline_snapshot/batch3_large_90/raw_html/B3_040_中国银行甘肃省分行支持地方经济高质量发展走笔_0b4c594d2d.html,6435,d2ad6125487d867a2e58673c0549cd99f489c8e5fffb1248f64423b744f3338b,third_party_raw_fulltext_redistribution_not_established
release_package/04_数据与知识资源/unstructured_pipeline_snapshot/batch3_large_90/raw_html/B3_041_科技创新和技术改造再贷款政策在甘肃落地实施_9852486fd5.html,6386,467298b1d5529927c4c6cb8b0a029db91ae3724eb638b10172fcdfd6982e0416,third_party_raw_fulltext_redistribution_not_established
release_package/04_数据与知识资源/unstructured_pipeline_snapshot/batch3_large_90/raw_html/B3_042_甘肃省实施贷款畅通工程方案_380acfa7e9.html,6345,237997299ce92e5ad502680440eb950057f27cafa60e46e519d357bb5c117c26,third_party_raw_fulltext_redistribution_not_established
release_package/04_数据与知识资源/unstructured_pipeline_snapshot/batch3_large_90/raw_html/B3_043_甘肃省打造全国区域性科技创新及转化基地行动方案_a8bfb3afca.html,6348,034e4e0a79490d66543a1485d06c7aa1bec5a6cfbb21c5fc5e25dbb0456995cc,third_party_raw_fulltext_redistribution_not_established
release_package/04_数据与知识资源/unstructured_pipeline_snapshot/batch3_large_90/raw_html/B3_044_甘肃省打造全国区域性科技创新及转化基地行动方案发布版_67609b21ae.html,6398,2fc4b73c174c8894480342e17b193476b5cee153f191d8b2f4bf6c68c3849953,third_party_raw_fulltext_redistribution_not_established
release_package/04_数据与知识资源/unstructured_pipeline_snapshot/batch3_large_90/raw_html/B3_045_甘肃省培育壮大高技术高成长性高附加值企业行动方案_75d460c081.html,6356,3654146b1363fe24e6e1daf92c2185f5f1c38b1448fda655c564689374abe8d5,third_party_raw_fulltext_redistribution_not_established
release_package/04_数据与知识资源/unstructured_pipeline_snapshot/batch3_large_90/raw_html/B3_046_实施金融四大工程激发市场活力意见_e5f25f17b1.html,6312,737519a93f5fd3be8db557eb8d54910ea3ddb1410cf987b914bce2e4f658f49f,third_party_raw_fulltext_redistribution_not_established
release_package/04_数据与知识资源/unstructured_pipeline_snapshot/batch3_large_90/raw_html/B3_047_金融四大工程政策解读新闻发布会_10e86c3b3c.html,6382,c62b4fa9db33a1aaac8400dfc625c8708960780c492ab0b9971244c79f19d394,third_party_raw_fulltext_redistribution_not_established
release_package/04_数据与知识资源/unstructured_pipeline_snapshot/batch3_large_90/raw_html/B3_048_深化简政放权放管结合优化服务改革工作要点_5fbe579c61.html,6390,82f4d636e3336df7096dc124234e6b87476505e55861ed2e2f0fcead28caee51,third_party_raw_fulltext_redistribution_not_established
release_package/04_数据与知识资源/unstructured_pipeline_snapshot/batch3_large_90/raw_html/B3_049_金融助力实体经济高质量发展若干措施_c21a31cffa.html,6385,098abaa19b83998b04801eda4f1dc4c144cb9ce8c411f75bdadfbdc3f3f698f5,third_party_raw_fulltext_redistribution_not_established
release_package/04_数据与知识资源/unstructured_pipeline_snapshot/batch3_large_90/raw_html/B3_050_支持小微企业融资协调工作机制落地见效_9e019609a6.html,6334,3ddc1b3e3c532f8447977e14a9a5d5a47c353df7d2fa0e4b567535ad1c862cc1,third_party_raw_fulltext_redistribution_not_established
release_package/04_数据与知识资源/unstructured_pipeline_snapshot/batch3_large_90/raw_html/B3_051_甘肃高标准推进营商环境全面提升_5bddb9ec61.html,6400,945ab63e6a08d00d63a2876b45658d9331fde921bc01a5f02849adbe5fe35193,third_party_raw_fulltext_redistribution_not_established
release_package/04_数据与知识资源/unstructured_pipeline_snapshot/batch3_large_90/raw_html/B3_052_甘肃各金融机构支持实体经济高质量发展综述_82ff30ab6f.html,6382,4d0d39122528395b6ec55bf54a60a5ea248d8431f5cb2182fc7e2f14943c56ac,third_party_raw_fulltext_redistribution_not_established
release_package/04_数据与知识资源/unstructured_pipeline_snapshot/batch3_large_90/raw_html/B3_053_十四五时期全省金融高质量发展综述_3194c6d120.html,6344,8bca19c2890b3c5b57e1b464ae34eb4c047b54bccefff828df0061a766b762e1,third_party_raw_fulltext_redistribution_not_established
release_package/04_数据与知识资源/unstructured_pipeline_snapshot/batch3_large_90/raw_html/B3_054_金融重点领域贷款余额实现高增长_2de4e99391.html,6382,38e4028569f8b4e8f4cb764eacacdb4bc472dace8e90293bcc7511fc34374e52,third_party_raw_fulltext_redistribution_not_established
release_package/04_数据与知识资源/unstructured_pipeline_snapshot/batch3_large_90/raw_html/B3_055_甘肃信贷总量保持平稳_f8676d2d0b.html,6354,69832f71f391344ca3f3874208c1e0046d01cb138596f827e73a6d81b0b569a9,third_party_raw_fulltext_redistribution_not_established
release_package/04_数据与知识资源/unstructured_pipeline_snapshot/batch3_large_90/raw_html/B3_056_两新政策取得实效_eea8530e5c.html,6360,7540397e1b2c618f9416ebe121ce986e891b3fae06ad4593415690b4deacc4ba,third_party_raw_fulltext_redistribution_not_established
release_package/04_数据与知识资源/unstructured_pipeline_snapshot/batch3_large_90/raw_html/B3_057_甘肃省知识产权质押融资银企对接知惠行专项活动启动会_dc8072eb60.html,6426,cb8b76ba72bd9ef596e2e32c842d05e897c289a449cdf9af4bc180818ce74069,third_party_raw_fulltext_redistribution_not_established
release_package/04_数据与知识资源/unstructured_pipeline_snapshot/batch3_large_90/raw_html/B3_058_2024年度全省专利权质押融资及专利保险补助公示_034ce113f4.html,6389,3671b472d3da98037068158d5b9e6fd3d6b965047f94e708fc42c9275f27d6dd,third_party_raw_fulltext_redistribution_not_established
release_package/04_数据与知识资源/unstructured_pipeline_snapshot/batch3_large_90/raw_html/B3_059_组织申报2024年度企业专利质押融资奖补通知_8e2c331e8f.html,6378,49a9472b48f0d3b133f685b3a339113b5e1f4a1983b6c8db896b7851d4314298,third_party_raw_fulltext_redistribution_not_established
release_package/04_数据与知识资源/unstructured_pipeline_snapshot/batch3_large_90/raw_html/B3_060_2023年度全省专利权质押融资及专利保险补助公示_5e0e62118a.html,6378,59e726748639ec0d5e74f3376548cfc96d603cc9247e1ba179cedb2e85596bf5,third_party_raw_fulltext_redistribution_not_established
release_package/04_数据与知识资源/unstructured_pipeline_snapshot/batch3_large_90/raw_html/B3_061_甘南州专利质押融资工作实现新突破_a309881966.html,6429,ae2309e0f4717cc38db0b588ccee8e8e5755daab4fc4542297b91373b58d5058,third_party_raw_fulltext_redistribution_not_established
release_package/04_数据与知识资源/unstructured_pipeline_snapshot/batch3_large_90/raw_html/B3_062_嘉峪关推进知识产权质押融资工作_2f0818969c.html,6377,811fcda0eb3dc181f2ab1220180e14c38fcb2862eafaf86fa0afbf4681cc1024,third_party_raw_fulltext_redistribution_not_established
release_package/04_数据与知识资源/unstructured_pipeline_snapshot/batch3_large_90/raw_html/B3_063_安宁区知识产权质押融资政银企对接会_2c9ab8a8d4.html,6420,b7d32014a5c45ceea214b68adff25db7a6281f3dcf1e35bac1914b2f33f4f80e,third_party_raw_fulltext_redistribution_not_established
release_package/04_数据与知识资源/unstructured_pipeline_snapshot/batch3_large_90/raw_html/B3_064_安宁区重点企业知识产权质押融资政银企对接会_aecadd7aaa.html,6343,c4e0037ed301d8ff7a3f1dbab1e0ae8d997ef8a5038e25da306a953f30765b07,third_party_raw_fulltext_redistribution_not_established
release_package/04_数据与知识资源/unstructured_pipeline_snapshot/batch3_large_90/raw_html/B3_065_西固区知识产权质押融资服务活动_030dbc3f85.html,6377,22ec11c8f7a787cbe6c6082cb8e787b313d4779b33864148aa34d692702a2fba,third_party_raw_fulltext_redistribution_not_established
release_package/04_数据与知识资源/unstructured_pipeline_snapshot/batch3_large_90/raw_html/B3_066_民乐县召开知识产权质押融资工作座谈会_4155556e0b.html,6428,a8c7126b7d2a8ac7866a9d2bdf282234a35a37ff5bf44dfc34b5e7037bc06792,third_party_raw_fulltext_redistribution_not_established
release_package/04_数据与知识资源/unstructured_pipeline_snapshot/batch3_large_90/raw_html/B3_067_安宁区知识产权全链条入企服务活动_9853ba9a63.html,6402,e3930a826c951b43b2abde4ccb6d0ab5084e2ef58633f77a92971bfa21d2d95c,third_party_raw_fulltext_redistribution_not_established
release_package/04_数据与知识资源/unstructured_pipeline_snapshot/batch3_large_90/raw_html/B3_068_东乡县首例知识产权质押融资服务_e0b82650d7.html,6380,64751f25bf1b07cffd7722736cadd741ae91dde3eb3fb48e5c81f3bfb1dc48cb,third_party_raw_fulltext_redistribution_not_established
release_package/04_数据与知识资源/unstructured_pipeline_snapshot/batch3_large_90/raw_html/B3_069_临泽县知识产权保护运用服务赋能企业_1c4f783369.html,6386,04b416a0372667a8558ff336d9f98f0a9a54797541c14f57fb87e13c23dade90,third_party_raw_fulltext_redistribution_not_established
release_package/04_数据与知识资源/unstructured_pipeline_snapshot/batch3_large_90/raw_html/B3_070_临泽县释放知识产权效能走好特色发展路_dce14fa99f.html,6408,4869da8b75195519f9b500504ac15fc6f8978762e34dc9699edb78ac810b57ff,third_party_raw_fulltext_redistribution_not_established
release_package/04_数据与知识资源/unstructured_pipeline_snapshot/batch3_large_90/raw_html/B3_071_山丹县知识产权质押融资成效显著_ad92ea7a48.html,6364,f0da607e7270f877a208c0920686827a51e6b2266183027b8f6bfbee4898b22b,third_party_raw_fulltext_redistribution_not_established
release_package/04_数据与知识资源/unstructured_pipeline_snapshot/batch3_large_90/raw_html/B3_072_山丹县全面推进知识产权转化运用_a773b0ca5d.html,6432,f7cea45b8b1f6038fa4850b44cfe51f7336a59d5c89e642627b7893d988b1f37,third_party_raw_fulltext_redistribution_not_established
release_package/04_数据与知识资源/unstructured_pipeline_snapshot/batch3_large_90/raw_html/B3_073_武威市知识产权支撑创新驱动发展_5696944f03.html,6345,f77e9a0413b7b371577e4e8d2d347a52c398f8fcf85c0453cdc5e4e93d3853a6,third_party_raw_fulltext_redistribution_not_established
release_package/04_数据与知识资源/unstructured_pipeline_snapshot/batch3_large_90/raw_html/B3_074_兰州市强化知识产权保护运用_6c862a2002.html,6342,bf58f4b254630ebf9ed75067b0a9a5d0c00ad63a6134f8bccd1b8112b067add5,third_party_raw_fulltext_redistribution_not_established
release_package/04_数据与知识资源/unstructured_pipeline_snapshot/batch3_large_90/raw_html/B3_075_甘肃省知识产权强省建设第一批典型案例_948aac9778.html,6464,2a406956a58a686ce333e30a9ac5b383951c642f6b1ef76fbde46236f1f0c2c3,third_party_raw_fulltext_redistribution_not_established
release_package/04_数据与知识资源/unstructured_pipeline_snapshot/batch3_large_90/raw_html/B3_076_兰州新区知识产权质押融资对接活动_34eab0ce6f.html,6392,7e22051239fdca4ecf743ecd05dd182443e3bbe1bcf3dddcbce03b78e971f7f5,third_party_raw_fulltext_redistribution_not_established
release_package/04_数据与知识资源/unstructured_pipeline_snapshot/batch3_large_90/raw_html/B3_077_临泽县知识产权金融服务入园惠企_932b4ecb43.html,6368,d17377fb961906967385e8d12e34922fd0ad13f0aae4303245c968992128ba35,third_party_raw_fulltext_redistribution_not_established
release_package/04_数据与知识资源/unstructured_pipeline_snapshot/batch3_large_90/raw_html/B3_078_白银高新分局知识产权质押融资案例_990b6cdbbf.html,6393,a89a18b0fd527719d25129344a44e51bc5594385360a4f81396e4b8620362e0d,third_party_raw_fulltext_redistribution_not_established
release_package/04_数据与知识资源/unstructured_pipeline_snapshot/batch3_large_90/raw_html/B3_079_甘肃银行普惠金融产品页.html,78626,76d065a29846e34b5f576c0d7a2575df3515ebe1332fb4c2505a99d83cf988c0,third_party_raw_fulltext_redistribution_not_established
release_package/04_数据与知识资源/unstructured_pipeline_snapshot/batch3_large_90/raw_html/B3_079_甘肃银行普惠金融产品页_c6a9ab2722.html,78626,76d065a29846e34b5f576c0d7a2575df3515ebe1332fb4c2505a99d83cf988c0,third_party_raw_fulltext_redistribution_not_established
release_package/04_数据与知识资源/unstructured_pipeline_snapshot/batch3_large_90/raw_html/B3_080_甘肃银行甘银惠知贷首单业务落地.html,72781,49dbd82ecbcae65d657e6e11c69a01f99cd5a0a325bcf1906f18b70c8950d885,third_party_raw_fulltext_redistribution_not_established
release_package/04_数据与知识资源/unstructured_pipeline_snapshot/batch3_large_90/raw_html/B3_080_甘肃银行甘银惠知贷首单业务落地_e2d85ec7d3.html,72781,49dbd82ecbcae65d657e6e11c69a01f99cd5a0a325bcf1906f18b70c8950d885,third_party_raw_fulltext_redistribution_not_established
release_package/04_数据与知识资源/unstructured_pipeline_snapshot/batch3_large_90/raw_html/B3_081_甘肃银行助力地方经济社会高质量发展.html,97586,987608a2068fafe88736347a7f8c3937c2b8765fbc321f17c0740a93018f7f1b,third_party_raw_fulltext_redistribution_not_established
release_package/04_数据与知识资源/unstructured_pipeline_snapshot/batch3_large_90/raw_html/B3_081_甘肃银行助力地方经济社会高质量发展_3dd13a9244.html,97586,987608a2068fafe88736347a7f8c3937c2b8765fbc321f17c0740a93018f7f1b,third_party_raw_fulltext_redistribution_not_established
release_package/04_数据与知识资源/unstructured_pipeline_snapshot/batch3_large_90/raw_html/B3_082_甘肃银行科技金融与科技贷款情况.html,94733,ba9f9a4ec8b6db643384c2af76550cf4658f832aebb429028b36b604edb076ec,third_party_raw_fulltext_redistribution_not_established
release_package/04_数据与知识资源/unstructured_pipeline_snapshot/batch3_large_90/raw_html/B3_082_甘肃银行科技金融与科技贷款情况_e2fc9d6edb.html,94733,ba9f9a4ec8b6db643384c2af76550cf4658f832aebb429028b36b604edb076ec,third_party_raw_fulltext_redistribution_not_established
release_package/04_数据与知识资源/unstructured_pipeline_snapshot/batch3_large_90/raw_html/B3_083_甘肃银行科技增信贷产品助力科技企业发展.html,71832,2c5bf8bc0a063b1d71a5e664b49c27493d87c361ed2016cc84e17d2635503a8f,third_party_raw_fulltext_redistribution_not_established
release_package/04_数据与知识资源/unstructured_pipeline_snapshot/batch3_large_90/raw_html/B3_083_甘肃银行科技增信贷产品助力科技企业发展_e0cf753487.html,71832,2c5bf8bc0a063b1d71a5e664b49c27493d87c361ed2016cc84e17d2635503a8f,third_party_raw_fulltext_redistribution_not_established
release_package/04_数据与知识资源/unstructured_pipeline_snapshot/batch3_large_90/raw_html/B3_084_甘肃银行推出科技贷助力强科技行动.html,72040,e5b27c1da12f47a2bad905bf0081c3aafbce8823200c3638955094c25df0945e,third_party_raw_fulltext_redistribution_not_established
release_package/04_数据与知识资源/unstructured_pipeline_snapshot/batch3_large_90/raw_html/B3_084_甘肃银行推出科技贷助力强科技行动_3e56bff612.html,72040,e5b27c1da12f47a2bad905bf0081c3aafbce8823200c3638955094c25df0945e,third_party_raw_fulltext_redistribution_not_established
release_package/04_数据与知识资源/unstructured_pipeline_snapshot/batch3_large_90/raw_html/B3_085_甘肃银行推出22条措施助力稳经济促发展.html,74650,5e87331ee5f704fb06ee344ba9fe6dbe21897d1ff5429830dd03fe1e01bd8455,third_party_raw_fulltext_redistribution_not_established
release_package/04_数据与知识资源/unstructured_pipeline_snapshot/batch3_large_90/raw_html/B3_085_甘肃银行推出22条措施助力稳经济促发展_da7f6c3fc5.html,74650,5e87331ee5f704fb06ee344ba9fe6dbe21897d1ff5429830dd03fe1e01bd8455,third_party_raw_fulltext_redistribution_not_established
release_package/04_数据与知识资源/unstructured_pipeline_snapshot/batch3_large_90/raw_html/B3_086_甘肃银行扶持小微企业发展篇.html,75854,5b7120e24b860f4e76ee609be9bcfc9f54643756138c130d2584849118890c58,third_party_raw_fulltext_redistribution_not_established
release_package/04_数据与知识资源/unstructured_pipeline_snapshot/batch3_large_90/raw_html/B3_086_甘肃银行扶持小微企业发展篇_4f0ccd4125.html,75854,5b7120e24b860f4e76ee609be9bcfc9f54643756138c130d2584849118890c58,third_party_raw_fulltext_redistribution_not_established
release_package/04_数据与知识资源/unstructured_pipeline_snapshot/batch3_large_90/raw_html/B3_087_甘肃银行三抓三促推动高质量发展.html,90426,fe59116be697295066d6a8aba18b132ef856260e3c86d3a0ad2e694a5b3e88ec,third_party_raw_fulltext_redistribution_not_established
release_package/04_数据与知识资源/unstructured_pipeline_snapshot/batch3_large_90/raw_html/B3_087_甘肃银行三抓三促推动高质量发展_5d9aecf1c7.html,90426,fe59116be697295066d6a8aba18b132ef856260e3c86d3a0ad2e694a5b3e88ec,third_party_raw_fulltext_redistribution_not_established
release_package/04_数据与知识资源/unstructured_pipeline_snapshot/batch3_large_90/raw_html/B3_088_甘肃银行普惠金融服务体系.html,83500,939257883b746abfb28d2fab3e370f2c9f2685cbb5457884588c316ca6d695c3,third_party_raw_fulltext_redistribution_not_established
release_package/04_数据与知识资源/unstructured_pipeline_snapshot/batch3_large_90/raw_html/B3_088_甘肃银行普惠金融服务体系_055ab6e074.html,83500,939257883b746abfb28d2fab3e370f2c9f2685cbb5457884588c316ca6d695c3,third_party_raw_fulltext_redistribution_not_established
release_package/04_数据与知识资源/unstructured_pipeline_snapshot/batch3_large_90/raw_html/B3_089_甘肃银行科技贷产品页.html,80847,2fae0d2eba4e44f735db4a42f0f0d7c6329ba472accde358d81c61201f94f42b,third_party_raw_fulltext_redistribution_not_established
release_package/04_数据与知识资源/unstructured_pipeline_snapshot/batch3_large_90/raw_html/B3_089_甘肃银行科技贷产品页_45e901fc9e.html,80847,2fae0d2eba4e44f735db4a42f0f0d7c6329ba472accde358d81c61201f94f42b,third_party_raw_fulltext_redistribution_not_established
release_package/04_数据与知识资源/unstructured_pipeline_snapshot/batch3_large_90/raw_html/B3_090_甘肃银行惠知贷产品页.html,80641,fa7d9d17f0a53e026de99327d7b43740a791b57bcc08f39e2b2e2fcc604c988e,third_party_raw_fulltext_redistribution_not_established
release_package/04_数据与知识资源/unstructured_pipeline_snapshot/batch3_large_90/raw_html/B3_090_甘肃银行惠知贷产品页_7ce8519c1e.html,80641,fa7d9d17f0a53e026de99327d7b43740a791b57bcc08f39e2b2e2fcc604c988e,third_party_raw_fulltext_redistribution_not_established
release_package/04_数据与知识资源/unstructured_pipeline_snapshot/batch3_large_90/raw_html/B3_091_中国银行科创贷知惠贷小微企业服务.html,32363,2488e018e0b37729ea7f2bd42553f7c0d69c73bb0fab521318cc6e2694738a42,third_party_raw_fulltext_redistribution_not_established
release_package/04_数据与知识资源/unstructured_pipeline_snapshot/batch3_large_90/raw_html/B3_091_中国银行科创贷知惠贷小微企业服务_33fbb76bd5.html,32363,2488e018e0b37729ea7f2bd42553f7c0d69c73bb0fab521318cc6e2694738a42,third_party_raw_fulltext_redistribution_not_established
release_package/04_数据与知识资源/unstructured_pipeline_snapshot/batch3_large_90/raw_html/B3_092_邮储银行知识产权质押贷款服务案例.html,770,fd276c8ff8b63723cf92314661069e58db06d9dd68c4b469a911c4bffff0cb34,third_party_raw_fulltext_redistribution_not_established
release_package/04_数据与知识资源/unstructured_pipeline_snapshot/batch3_large_90/raw_html/B3_092_邮储银行知识产权质押贷款服务案例_19842c967e.html,770,fd276c8ff8b63723cf92314661069e58db06d9dd68c4b469a911c4bffff0cb34,third_party_raw_fulltext_redistribution_not_established
release_package/04_数据与知识资源/unstructured_pipeline_snapshot/batch3_large_90/raw_html/B3_093_邮储银行科技信用贷款知识产权质押贷款产品.html,798,4a26f8bc75b38afdb153717da476f95362421f88cae1c4e9309254fefb9e9e0b,third_party_raw_fulltext_redistribution_not_established
release_package/04_数据与知识资源/unstructured_pipeline_snapshot/batch3_large_90/raw_html/B3_093_邮储银行科技信用贷款知识产权质押贷款产品_e27ccca60c.html,798,4a26f8bc75b38afdb153717da476f95362421f88cae1c4e9309254fefb9e9e0b,third_party_raw_fulltext_redistribution_not_established
release_package/04_数据与知识资源/unstructured_pipeline_snapshot/batch3_large_90/raw_txt/B3_001_金融活水精准滴灌共绘陇原科创同心圆_142be2a238.txt,194,f4179f5d22784e3d42f40fa956dadadbd9f536f2e1c359db1befee12f4b589df,third_party_raw_fulltext_redistribution_not_established
release_package/04_数据与知识资源/unstructured_pipeline_snapshot/batch3_large_90/raw_txt/B3_002_甘肃省推出20亿元再贷款助力科技型小微企业_e79e352ced.txt,200,262171e89c46124fd32af1f2ee34e9160122c7e68ecc6e460d50d216b913344b,third_party_raw_fulltext_redistribution_not_established
release_package/04_数据与知识资源/unstructured_pipeline_snapshot/batch3_large_90/raw_txt/B3_003_甘肃持续推动科技金融协同发展_5d237b22eb.txt,185,a2ca46084753faa9f72b1e02d0cb5df006cbfff8c7927c08dd8eb768f98708fd,third_party_raw_fulltext_redistribution_not_established
release_package/04_数据与知识资源/unstructured_pipeline_snapshot/batch3_large_90/raw_txt/B3_004_甘肃科技金融护航科技企业发展_c138e0b121.txt,183,b6163c97618f7e7bd5aff517b816090542a83d0e49e6b667529b76572590fc8f,third_party_raw_fulltext_redistribution_not_established
release_package/04_数据与知识资源/unstructured_pipeline_snapshot/batch3_large_90/raw_txt/B3_005_金融活水呵护科技型中小企业成长_3aaa85023c.txt,184,b41af1085634354bd3559c6a1d5583bbce616a8e2462141b25898fe745d072a4,third_party_raw_fulltext_redistribution_not_established
release_package/04_数据与知识资源/unstructured_pipeline_snapshot/batch3_large_90/raw_txt/B3_006_银行业保险业科技金融高质量发展实施方案转载_6fa219ead1.txt,204,1eccb13c4df0852cc23b5cb4ad0fba70c57eb12a78eb40e13d52b13e7fc48ca8,third_party_raw_fulltext_redistribution_not_established
release_package/04_数据与知识资源/unstructured_pipeline_snapshot/batch3_large_90/raw_txt/B3_007_兰白基金科技金融对接会在兰成功举办_bb33ba05b8.txt,194,beb895ef0063f21f76050a4accfd48d68aeaf98543dc80e6831e6d3ad9b1d51f,third_party_raw_fulltext_redistribution_not_established
release_package/04_数据与知识资源/unstructured_pipeline_snapshot/batch3_large_90/raw_txt/B3_008_酒泉金融活水精准滴灌科技创新动能_df28d5c3a2.txt,191,7fff3692d9b280098cd6ce0b5689f1c61ea2034d2a8c40159cba4fbbbe8cd315,third_party_raw_fulltext_redistribution_not_established
release_package/04_数据与知识资源/unstructured_pipeline_snapshot/batch3_large_90/raw_txt/B3_009_金昌强科技驱动高质量发展纪实_baaf5b99ec.txt,185,fe17f5c45dd00a2b7b2fd67cc6d2d287c660f09762312df2cc9439dc37d7d170,third_party_raw_fulltext_redistribution_not_established
release_package/04_数据与知识资源/unstructured_pipeline_snapshot/batch3_large_90/raw_txt/B3_010_兰州市深入推进161科技创新体系高质量发展_a1d200f31a.txt,200,b1464b418d2dfe1f56fa273b40ad62587a4434485fbf465120b086d074c38523,third_party_raw_fulltext_redistribution_not_established
release_package/04_数据与知识资源/unstructured_pipeline_snapshot/batch3_large_90/raw_txt/B3_011_甘南科技金融沙龙为科技型企业纾困赋能_d90ca53ee7.txt,197,c65db07f426fa13a01bd7de3c33ea9297c7df3fa652bbd63fbd6d8d0de202167,third_party_raw_fulltext_redistribution_not_established
release_package/04_数据与知识资源/unstructured_pipeline_snapshot/batch3_large_90/raw_txt/B3_012_武威政银协同送服务科技金融助企行_ce603699f7.txt,191,42fae817534caa150cffda8e1842fa9773a90ea9bef4f1c576adcf57bdaf3180,third_party_raw_fulltext_redistribution_not_established
release_package/04_数据与知识资源/unstructured_pipeline_snapshot/batch3_large_90/raw_txt/B3_013_甘南州科技局联合邮储银行召开科技型企业融资座谈会_fe287805de.txt,215,5a46e6400d5e8c03658ebba9b8a290a907826ee715e3c4f4641cf7c986a9bcea,third_party_raw_fulltext_redistribution_not_established
release_package/04_数据与知识资源/unstructured_pipeline_snapshot/batch3_large_90/raw_txt/B3_014_武威科技金融融合赋能经济高质量发展_f9df4b52c3.txt,194,b86aca8f054232dfca07e1c9677216f6b79be330708015aca16540beabbfa78c,third_party_raw_fulltext_redistribution_not_established
release_package/04_数据与知识资源/unstructured_pipeline_snapshot/batch3_large_90/raw_txt/B3_015_武威科技赋能中小企业高质量发展_937fae7ef6.txt,188,94f3933045811fe7bf0ac8a0890834ff88b29e3ddff57dbf07ee00d24a060608,third_party_raw_fulltext_redistribution_not_established
release_package/04_数据与知识资源/unstructured_pipeline_snapshot/batch3_large_90/raw_txt/B3_016_武威首笔知识产权质押贷款落地_b0ae11da77.txt,186,5d3065d6a5ee0c4aa70fd1b6c3e2280baa5f214ef645463fd6df1c904412cd62,third_party_raw_fulltext_redistribution_not_established
release_package/04_数据与知识资源/unstructured_pipeline_snapshot/batch3_large_90/raw_txt/B3_019_武威科技政策靶向供给助力民营经济高质量发展_9b27252d72.txt,206,31cf4a1b8592099b8f6962a4ba103e8cc042a924845ea15c1762a1b014894be3,third_party_raw_fulltext_redistribution_not_established
release_package/04_数据与知识资源/unstructured_pipeline_snapshot/batch3_large_90/raw_txt/B3_020_武威强化科技创新引擎驱动经济高质量发展_341a051577.txt,200,c9c7635e8b94c5c22c3f68e18b44814d8677c923043ea4cb82b48d0a03a055dc,third_party_raw_fulltext_redistribution_not_established
release_package/04_数据与知识资源/unstructured_pipeline_snapshot/batch3_large_90/raw_txt/B3_021_嘉峪关科技赋能金融助力政银企担融资对接会_f1eecd66a1.txt,206,58504345ad860fce627872a0a476540fae0aaa8d747ca237bb0c2e198f546313,third_party_raw_fulltext_redistribution_not_established
release_package/04_数据与知识资源/unstructured_pipeline_snapshot/batch3_large_90/raw_txt/B3_022_兰州市97家企业成为科技创新再贷款备选企业_9e6f1287b9.txt,202,9c32db564bdcb0732b4765790c36591585923701213a02ae36e6754fa3bff050,third_party_raw_fulltext_redistribution_not_established
release_package/04_数据与知识资源/unstructured_pipeline_snapshot/batch3_large_90/raw_txt/B3_023_兰州高新区企业入选科技创新再贷款备选名单_b557b4869a.txt,203,64b5586692c24932d3c86c353ccd944e81efcb83eea1f39f8e5235be2202c693,third_party_raw_fulltext_redistribution_not_established
release_package/04_数据与知识资源/unstructured_pipeline_snapshot/batch3_large_90/raw_txt/B3_024_兰州市科技企业政银企对接会_c545a2d479.txt,182,0d5429fabcf7c8f4cc8650f327fc2cf839aaf0b2dd42439f2cd15980e63ea6a3,third_party_raw_fulltext_redistribution_not_established
release_package/04_数据与知识资源/unstructured_pipeline_snapshot/batch3_large_90/raw_txt/B3_025_兰州高新区加速打造生物医药产业新高地_866a1d4732.txt,197,0436a251bad4674accf344ecc9c938ca8d1ca73b33c1fd6fce9bdd79dc1a3b5a,third_party_raw_fulltext_redistribution_not_established
release_package/04_数据与知识资源/unstructured_pipeline_snapshot/batch3_large_90/raw_txt/B3_026_兰州金融赋能科技保险护航创新_72c9c581f9.txt,185,4d3d4c433baf92ed16cf9c83273139e9b71833de967ba3f93815854764136c6b,third_party_raw_fulltext_redistribution_not_established
release_package/04_数据与知识资源/unstructured_pipeline_snapshot/batch3_large_90/raw_txt/B3_027_兰州隐形独角兽企业培育实现跨越式发展_0e189ba441.txt,197,3e91249f11925f9b7d4463a95b5117251f950a83b4f94815556eff0133dfbcad,third_party_raw_fulltext_redistribution_not_established
release_package/04_数据与知识资源/unstructured_pipeline_snapshot/batch3_large_90/raw_txt/B3_028_天水多措并举提高科技创新能力_2df8a1aab1.txt,185,85ab4b9f70ea42129fd28476f57e72bc29015fe9885a6dd6f62af91f33ce43fc,third_party_raw_fulltext_redistribution_not_established
release_package/04_数据与知识资源/unstructured_pipeline_snapshot/batch3_large_90/raw_txt/B3_029_天水2024年度强科技行动十件大事_437714802b.txt,186,f605d60bd4c37882c3cc6742f87a2b9f099da7cf5513786a19bfbb4a1dac7429,third_party_raw_fulltext_redistribution_not_established
release_package/04_数据与知识资源/unstructured_pipeline_snapshot/batch3_large_90/raw_txt/B3_030_天水2025年度强科技行动十件大事_26806b9d28.txt,186,d869cc5238cfeac974e012601d2dcca88210029ffcc98be8ce5aed3776f70713,third_party_raw_fulltext_redistribution_not_established
release_package/04_数据与知识资源/unstructured_pipeline_snapshot/batch3_large_90/raw_txt/B3_031_庆阳市科技局举办科技企业融资对接会_9cd7543828.txt,194,bb3c177303708b71df20bd9601cb8d9ee2583d966c491a4ca835fc3d2a75005c,third_party_raw_fulltext_redistribution_not_established
release_package/04_数据与知识资源/unstructured_pipeline_snapshot/batch3_large_90/raw_txt/B3_032_庆阳汇科技成果引金融活水_38c5afb176.txt,179,dd0e78062b9d7728c2da8b690a728d68c221535fc8192964b7f3454c97cf02a7,third_party_raw_fulltext_redistribution_not_established
release_package/04_数据与知识资源/unstructured_pipeline_snapshot/batch3_large_90/raw_txt/B3_033_全国区域性科技创新及转化基地新闻发布会_efd90817f7.txt,198,c1cc81461b28c3ef280cbcd9be4d8b903e19ecd10c5ac2047494dac756e63118,third_party_raw_fulltext_redistribution_not_established
release_package/04_数据与知识资源/unstructured_pipeline_snapshot/batch3_large_90/raw_txt/B3_034_2025年甘肃省金融运行情况新闻发布会实录_6ff9292761.txt,198,27196e98b591c784b3074a357af7f0607271cd6d9a6ef15376a8f9dee2363e06,third_party_raw_fulltext_redistribution_not_established
release_package/04_数据与知识资源/unstructured_pipeline_snapshot/batch3_large_90/raw_txt/B3_035_金融聚力赋能陇原十四五成就新闻发布会实录_1b0fee80fc.txt,203,1d5db6b523bd4190af24cd4dcc59c102d7848441cefb0ba9286d0eaf0e77f4e3,third_party_raw_fulltext_redistribution_not_established
release_package/04_数据与知识资源/unstructured_pipeline_snapshot/batch3_large_90/raw_txt/B3_036_甘肃省十四五时期科技创新发展成就新闻发布会实录_38b0d550dc.txt,208,d5a9f792ef289d0de26d7b6b6ae14c3780f0499e416e97e86cd02a82175e9099,third_party_raw_fulltext_redistribution_not_established
release_package/04_数据与知识资源/unstructured_pipeline_snapshot/batch3_large_90/raw_txt/B3_037_交通银行甘肃省分行金融服务陇原发展_684e91ed3a.txt,216,4f6fa5ff179c9b74821537d03efd2d76fbf6b3dbea7ec117163090ee03a71e74,third_party_raw_fulltext_redistribution_not_established
release_package/04_数据与知识资源/unstructured_pipeline_snapshot/batch3_large_90/raw_txt/B3_038_中国银行甘肃省分行赋能地方高质量发展纪实_f3e79ad7b5.txt,225,8da67533f9045e49456252ebb0adccf2306fff5842dfb18d19c4534f8a3686a1,third_party_raw_fulltext_redistribution_not_established
release_package/04_数据与知识资源/unstructured_pipeline_snapshot/batch3_large_90/raw_txt/B3_039_甘肃银行十四载服务地方经济高质量发展纪实_cce93dae99.txt,225,e8a2a1b8322b9dac113d3e0d7ad354b6c965cdee0b507ccfa244f6f74e090aac,third_party_raw_fulltext_redistribution_not_established
release_package/04_数据与知识资源/unstructured_pipeline_snapshot/batch3_large_90/raw_txt/B3_040_中国银行甘肃省分行支持地方经济高质量发展走笔_0b4c594d2d.txt,231,f59db45af277b7bd7f228fd7ed84eb9e56d85e297aebc3ccef195a38b405954c,third_party_raw_fulltext_redistribution_not_established
release_package/04_数据与知识资源/unstructured_pipeline_snapshot/batch3_large_90/raw_txt/B3_041_科技创新和技术改造再贷款政策在甘肃落地实施_9852486fd5.txt,225,ebc4584dcbba01a9240eeb7611de6aae3db755432adb4838be29bfdce635b768,third_party_raw_fulltext_redistribution_not_established
release_package/04_数据与知识资源/unstructured_pipeline_snapshot/batch3_large_90/raw_txt/B3_042_甘肃省实施贷款畅通工程方案_380acfa7e9.txt,182,a011881d6f22747e1b33bc123bf08ca3082a3ee63e291b43ec826e28a8558678,third_party_raw_fulltext_redistribution_not_established
release_package/04_数据与知识资源/unstructured_pipeline_snapshot/batch3_large_90/raw_txt/B3_043_甘肃省打造全国区域性科技创新及转化基地行动方案_a8bfb3afca.txt,212,21b0bf307daf8a02f5c4bcfc649873bc8a8323be6f2a214cad62dfa9056ec005,third_party_raw_fulltext_redistribution_not_established
release_package/04_数据与知识资源/unstructured_pipeline_snapshot/batch3_large_90/raw_txt/B3_044_甘肃省打造全国区域性科技创新及转化基地行动方案发布版_67609b21ae.txt,228,957122afdef76c26705de8266c73502992955128d781aa5f3259df906cfbd2d6,third_party_raw_fulltext_redistribution_not_established
release_package/04_数据与知识资源/unstructured_pipeline_snapshot/batch3_large_90/raw_txt/B3_045_甘肃省培育壮大高技术高成长性高附加值企业行动方案_75d460c081.txt,215,b364e4c02df29f5482485af9602ce9cde84c26fdde9a95daf22fa65f6d14427c,third_party_raw_fulltext_redistribution_not_established
release_package/04_数据与知识资源/unstructured_pipeline_snapshot/batch3_large_90/raw_txt/B3_046_实施金融四大工程激发市场活力意见_e5f25f17b1.txt,189,c3757f42c8db3dd921af9f06aa7851f103180344b63afc3982991a6cb641908b,third_party_raw_fulltext_redistribution_not_established
release_package/04_数据与知识资源/unstructured_pipeline_snapshot/batch3_large_90/raw_txt/B3_047_金融四大工程政策解读新闻发布会_10e86c3b3c.txt,187,7911d8e5429b811ea3ccbd03bc20341cee82f5bdaef527a886bae4de4fed33d6,third_party_raw_fulltext_redistribution_not_established
release_package/04_数据与知识资源/unstructured_pipeline_snapshot/batch3_large_90/raw_txt/B3_048_深化简政放权放管结合优化服务改革工作要点_5fbe579c61.txt,203,0483fb33cbe6b10b34a9aa37d43f7c4a0cc6179fa4f3e9d866ff2b2ebdaad2a5,third_party_raw_fulltext_redistribution_not_established
release_package/04_数据与知识资源/unstructured_pipeline_snapshot/batch3_large_90/raw_txt/B3_049_金融助力实体经济高质量发展若干措施_c21a31cffa.txt,192,7e5bc668262a981b0f6a8de83cf8baf830a9abfaa70a07e2e06abc34259c48df,third_party_raw_fulltext_redistribution_not_established
release_package/04_数据与知识资源/unstructured_pipeline_snapshot/batch3_large_90/raw_txt/B3_050_支持小微企业融资协调工作机制落地见效_9e019609a6.txt,196,44c852f8439c32f80570f333e72fd12bdce3ae5b59e87c618a8a6f7980868e11,third_party_raw_fulltext_redistribution_not_established
release_package/04_数据与知识资源/unstructured_pipeline_snapshot/batch3_large_90/raw_txt/B3_051_甘肃高标准推进营商环境全面提升_5bddb9ec61.txt,188,b544f8d58c690fac55a111c6b974e2ae50e9b66db47e5e38e100801810b8dcc5,third_party_raw_fulltext_redistribution_not_established
release_package/04_数据与知识资源/unstructured_pipeline_snapshot/batch3_large_90/raw_txt/B3_052_甘肃各金融机构支持实体经济高质量发展综述_82ff30ab6f.txt,202,4b89b81c319aafa0e0dae2ff5950671c8c24c5a3e4c5c99cb2c95820fa48ff14,third_party_raw_fulltext_redistribution_not_established
release_package/04_数据与知识资源/unstructured_pipeline_snapshot/batch3_large_90/raw_txt/B3_053_十四五时期全省金融高质量发展综述_3194c6d120.txt,188,db4a12ee5aecec489f94ae3791b306341a27b891f810bc2a622c6aeb64890d7d,third_party_raw_fulltext_redistribution_not_established
release_package/04_数据与知识资源/unstructured_pipeline_snapshot/batch3_large_90/raw_txt/B3_054_金融重点领域贷款余额实现高增长_2de4e99391.txt,185,2d31d3a083f0d7b3d6237e438c28935314ebe06543c87a85e729b356a511ce62,third_party_raw_fulltext_redistribution_not_established
release_package/04_数据与知识资源/unstructured_pipeline_snapshot/batch3_large_90/raw_txt/B3_055_甘肃信贷总量保持平稳_f8676d2d0b.txt,189,81e58815ffa874351341206181d8422444e2f47aab57a9d6be71ec928a05628d,third_party_raw_fulltext_redistribution_not_established
release_package/04_数据与知识资源/unstructured_pipeline_snapshot/batch3_large_90/raw_txt/B3_056_两新政策取得实效_eea8530e5c.txt,164,6e2c3b7b41b5ed71fb5c5724028e53c1c5a1da1c52d0fc41c1e0f5e7d08af303,third_party_raw_fulltext_redistribution_not_established
release_package/04_数据与知识资源/unstructured_pipeline_snapshot/batch3_large_90/raw_txt/B3_057_甘肃省知识产权质押融资银企对接知惠行专项活动启动会_dc8072eb60.txt,220,2fb75524b2edf516188da727d7e14af3ea103a7f47f0d281a67802a20742b642,third_party_raw_fulltext_redistribution_not_established
release_package/04_数据与知识资源/unstructured_pipeline_snapshot/batch3_large_90/raw_txt/B3_058_2024年度全省专利权质押融资及专利保险补助公示_034ce113f4.txt,207,ed36ec3a552619a60f4dad0369c1847d26f5bd80029a6022648906bd6a08c507,third_party_raw_fulltext_redistribution_not_established
release_package/04_数据与知识资源/unstructured_pipeline_snapshot/batch3_large_90/raw_txt/B3_059_组织申报2024年度企业专利质押融资奖补通知_8e2c331e8f.txt,201,1b81078450a809a9402c18867e806d85e097e7cff5200e85e99a7c93d9171a67,third_party_raw_fulltext_redistribution_not_established
release_package/04_数据与知识资源/unstructured_pipeline_snapshot/batch3_large_90/raw_txt/B3_060_2023年度全省专利权质押融资及专利保险补助公示_5e0e62118a.txt,207,66a56570c44beb987be331c4ac62ac66fec35729b575e0f88027972248514865,third_party_raw_fulltext_redistribution_not_established
release_package/04_数据与知识资源/unstructured_pipeline_snapshot/batch3_large_90/raw_txt/B3_061_甘南州专利质押融资工作实现新突破_a309881966.txt,194,dee5f4a2b618c2bbc4c21aadd2d3fe9774b47153a5b055326c6eebaaae9b0b09,third_party_raw_fulltext_redistribution_not_established
release_package/04_数据与知识资源/unstructured_pipeline_snapshot/batch3_large_90/raw_txt/B3_062_嘉峪关推进知识产权质押融资工作_2f0818969c.txt,193,d4c58c74a53d765e6d980ab02dbb64f094a012a9135abb1256f6880627adc97f,third_party_raw_fulltext_redistribution_not_established
release_package/04_数据与知识资源/unstructured_pipeline_snapshot/batch3_large_90/raw_txt/B3_063_安宁区知识产权质押融资政银企对接会_2c9ab8a8d4.txt,196,2689f588d789f1893d01eda8a0f3919dbe5a65405ac64e5ac1c39a21ea35a6d9,third_party_raw_fulltext_redistribution_not_established
release_package/04_数据与知识资源/unstructured_pipeline_snapshot/batch3_large_90/raw_txt/B3_064_安宁区重点企业知识产权质押融资政银企对接会_aecadd7aaa.txt,208,6dd0edad2911dc6416b8dde820f29a9ca184919213dfa33b7859c0eee265ed82,third_party_raw_fulltext_redistribution_not_established
release_package/04_数据与知识资源/unstructured_pipeline_snapshot/batch3_large_90/raw_txt/B3_065_西固区知识产权质押融资服务活动_030dbc3f85.txt,190,4b374b25cb08556990b64bc162ba91722db4cd1247b0ad65896e8ab8faa4173f,third_party_raw_fulltext_redistribution_not_established
release_package/04_数据与知识资源/unstructured_pipeline_snapshot/batch3_large_90/raw_txt/B3_066_民乐县召开知识产权质押融资工作座谈会_4155556e0b.txt,199,7532f3efd908b43062ea328186a05a00185422f8a25c0eae580a9ac47addee98,third_party_raw_fulltext_redistribution_not_established
release_package/04_数据与知识资源/unstructured_pipeline_snapshot/batch3_large_90/raw_txt/B3_067_安宁区知识产权全链条入企服务活动_9853ba9a63.txt,194,612b021cc9cb14016ae09ab03384d673647f9100b1605e2b41cebd67acde26f6,third_party_raw_fulltext_redistribution_not_established
release_package/04_数据与知识资源/unstructured_pipeline_snapshot/batch3_large_90/raw_txt/B3_068_东乡县首例知识产权质押融资服务_e0b82650d7.txt,191,60fb614f93d208b548885f6a602b8c480a282f7ef4b544d251a0a2598f26db9e,third_party_raw_fulltext_redistribution_not_established
release_package/04_数据与知识资源/unstructured_pipeline_snapshot/batch3_large_90/raw_txt/B3_069_临泽县知识产权保护运用服务赋能企业_1c4f783369.txt,197,934ee51ec52441a11b98a41b7803d2da14cb950dfc7b3e7d7b6700d342b135bf,third_party_raw_fulltext_redistribution_not_established
release_package/04_数据与知识资源/unstructured_pipeline_snapshot/batch3_large_90/raw_txt/B3_070_临泽县释放知识产权效能走好特色发展路_dce14fa99f.txt,200,548bfb6a618873f2240e75a0680f9db4874b8926ece2eaa626e04a49a2ea2320,third_party_raw_fulltext_redistribution_not_established
release_package/04_数据与知识资源/unstructured_pipeline_snapshot/batch3_large_90/raw_txt/B3_071_山丹县知识产权质押融资成效显著_ad92ea7a48.txt,191,8fed0f132dbf06c0ed35e9eaa28640d7c8786ae4478c95f92e22ff72d5b328ab,third_party_raw_fulltext_redistribution_not_established
release_package/04_数据与知识资源/unstructured_pipeline_snapshot/batch3_large_90/raw_txt/B3_072_山丹县全面推进知识产权转化运用_a773b0ca5d.txt,191,7b96552f5ae2ecb4da10e3fac2aaf33cfca43336ff28a9111e32cea30a915d67,third_party_raw_fulltext_redistribution_not_established
release_package/04_数据与知识资源/unstructured_pipeline_snapshot/batch3_large_90/raw_txt/B3_073_武威市知识产权支撑创新驱动发展_5696944f03.txt,191,52556dc9a7f37d48b6e1a3ea9dcb6d3b7bdf8501380748970751823601dc5266,third_party_raw_fulltext_redistribution_not_established
release_package/04_数据与知识资源/unstructured_pipeline_snapshot/batch3_large_90/raw_txt/B3_074_兰州市强化知识产权保护运用_6c862a2002.txt,184,a02c4cf6547ff22a45803f8a276f1d8fbb501a4e29a909cea5c0b94366ee1de3,third_party_raw_fulltext_redistribution_not_established
release_package/04_数据与知识资源/unstructured_pipeline_snapshot/batch3_large_90/raw_txt/B3_075_甘肃省知识产权强省建设第一批典型案例_948aac9778.txt,199,db81660906193f70447ebae7cba72d4c024da3e91543a8051ebe6d96bb68c22a,third_party_raw_fulltext_redistribution_not_established
release_package/04_数据与知识资源/unstructured_pipeline_snapshot/batch3_large_90/raw_txt/B3_076_兰州新区知识产权质押融资对接活动_34eab0ce6f.txt,199,d63689fe7813d83cead54d829e26cf8f4ff9307e80f834b06ffe7f4c85832966,third_party_raw_fulltext_redistribution_not_established
release_package/04_数据与知识资源/unstructured_pipeline_snapshot/batch3_large_90/raw_txt/B3_077_临泽县知识产权金融服务入园惠企_932b4ecb43.txt,191,4e709cbedd3fd2592662fe82f14c6316ae89569dd2ccc4e643414133b54e7380,third_party_raw_fulltext_redistribution_not_established
release_package/04_数据与知识资源/unstructured_pipeline_snapshot/batch3_large_90/raw_txt/B3_078_白银高新分局知识产权质押融资案例_990b6cdbbf.txt,194,884d0f5e34252ee924086fc3f1f1562cad7e177931ae6a0a65e02c8fd25b0456,third_party_raw_fulltext_redistribution_not_established
release_package/04_数据与知识资源/unstructured_pipeline_snapshot/batch3_large_90/raw_txt/B3_079_甘肃银行普惠金融产品页.txt,4767,228c0bf2b2076c81092aca7b00b6d5c8959f0b0685f92949cb57bab8fd5997cf,third_party_raw_fulltext_redistribution_not_established
release_package/04_数据与知识资源/unstructured_pipeline_snapshot/batch3_large_90/raw_txt/B3_079_甘肃银行普惠金融产品页_c6a9ab2722.txt,5002,768d00db43ef9efcf8a6b727bf4c5cefb24af9e1eeb335aa5bc2e3566a260a65,third_party_raw_fulltext_redistribution_not_established
release_package/04_数据与知识资源/unstructured_pipeline_snapshot/batch3_large_90/raw_txt/B3_080_甘肃银行甘银惠知贷首单业务落地.txt,5461,07012ddefb37f135c2b35d24976090ed0fb2e0235ec374e52222f1f28339f50d,third_party_raw_fulltext_redistribution_not_established
release_package/04_数据与知识资源/unstructured_pipeline_snapshot/batch3_large_90/raw_txt/B3_080_甘肃银行甘银惠知贷首单业务落地_e2d85ec7d3.txt,2367,2059529926abf971ae7066163c9383751793abc605d72cf6550f8d973e0e8bb9,third_party_raw_fulltext_redistribution_not_established
release_package/04_数据与知识资源/unstructured_pipeline_snapshot/batch3_large_90/raw_txt/B3_081_甘肃银行助力地方经济社会高质量发展.txt,23500,c16d3bfacbb14ed1015e75efd2af9f5e24466c1fcf8d3728c2ae0688e8c1d40b,third_party_raw_fulltext_redistribution_not_established
release_package/04_数据与知识资源/unstructured_pipeline_snapshot/batch3_large_90/raw_txt/B3_081_甘肃银行助力地方经济社会高质量发展_3dd13a9244.txt,20409,01eb767a835f0d847b0152b492df853aa1f8cbd3af9b336d631561ca42bc4c6c,third_party_raw_fulltext_redistribution_not_established
release_package/04_数据与知识资源/unstructured_pipeline_snapshot/batch3_large_90/raw_txt/B3_082_甘肃银行科技金融与科技贷款情况.txt,8426,6bb9b90d3aa022281b2e410dd6c7dddbef003fee9b73c472d0d1a2ea5bba2ef6,third_party_raw_fulltext_redistribution_not_established
release_package/04_数据与知识资源/unstructured_pipeline_snapshot/batch3_large_90/raw_txt/B3_082_甘肃银行科技金融与科技贷款情况_e2fc9d6edb.txt,5332,69fe74477626d49ce0cadd3a41b9e714f6791299c3ab20db2f1b97c52ba4fd84,third_party_raw_fulltext_redistribution_not_established
release_package/04_数据与知识资源/unstructured_pipeline_snapshot/batch3_large_90/raw_txt/B3_083_甘肃银行科技增信贷产品助力科技企业发展.txt,4593,ef70e80cc1a36ac2a6705ab59b0f0578f527c33517b3f6d6c9df25de7a202619,third_party_raw_fulltext_redistribution_not_established
release_package/04_数据与知识资源/unstructured_pipeline_snapshot/batch3_large_90/raw_txt/B3_083_甘肃银行科技增信贷产品助力科技企业发展_e0cf753487.txt,1511,67231947b499e9fa166fe01ff618a33a8e38a6fb4e8125976ccc2bad884fdd44,third_party_raw_fulltext_redistribution_not_established
release_package/04_数据与知识资源/unstructured_pipeline_snapshot/batch3_large_90/raw_txt/B3_084_甘肃银行推出科技贷助力强科技行动.txt,4714,d04a41ed429cef555ce86352057126cddb262a3dc43129adf83b32b0f82c7bbc,third_party_raw_fulltext_redistribution_not_established
release_package/04_数据与知识资源/unstructured_pipeline_snapshot/batch3_large_90/raw_txt/B3_084_甘肃银行推出科技贷助力强科技行动_3e56bff612.txt,1623,b740770468cfb092f4b65eca6d3ea3c8e172e922bda84b9cb0851ca062018948,third_party_raw_fulltext_redistribution_not_established
release_package/04_数据与知识资源/unstructured_pipeline_snapshot/batch3_large_90/raw_txt/B3_085_甘肃银行推出22条措施助力稳经济促发展.txt,7342,d5ece49bbe0ffec26b8392502130ca448b1f4b035cb20641139cb58bb7c564ff,third_party_raw_fulltext_redistribution_not_established
release_package/04_数据与知识资源/unstructured_pipeline_snapshot/batch3_large_90/raw_txt/B3_085_甘肃银行推出22条措施助力稳经济促发展_da7f6c3fc5.txt,4256,e2ba2b3f9db11851b7410c86b3d5c0a12849139a9b93e26326a68c903575fd68,third_party_raw_fulltext_redistribution_not_established
release_package/04_数据与知识资源/unstructured_pipeline_snapshot/batch3_large_90/raw_txt/B3_086_甘肃银行扶持小微企业发展篇.txt,7638,f660d3cd3e864944eabc8a0db5f18520ad8dec30866c0eea425503d1d1a2df38,third_party_raw_fulltext_redistribution_not_established
release_package/04_数据与知识资源/unstructured_pipeline_snapshot/batch3_large_90/raw_txt/B3_086_甘肃银行扶持小微企业发展篇_4f0ccd4125.txt,4472,14cef850cc7a4ed0f93925053cdc74eb0ecdfd6b3731873fbcd542a8c0d02075,third_party_raw_fulltext_redistribution_not_established
release_package/04_数据与知识资源/unstructured_pipeline_snapshot/batch3_large_90/raw_txt/B3_087_甘肃银行三抓三促推动高质量发展.txt,19706,69d089141ea95deb4cb4c67b828785e85755c923f0c504671a7e0af6d30164e1,third_party_raw_fulltext_redistribution_not_established
release_package/04_数据与知识资源/unstructured_pipeline_snapshot/batch3_large_90/raw_txt/B3_087_甘肃银行三抓三促推动高质量发展_5d9aecf1c7.txt,16612,1d03eaec6b5f894778ad6b4c998e7635ab52f90a291d66c94235fa43cc12e50a,third_party_raw_fulltext_redistribution_not_established
release_package/04_数据与知识资源/unstructured_pipeline_snapshot/batch3_large_90/raw_txt/B3_088_甘肃银行普惠金融服务体系.txt,14055,b556305c151f86cfba7c99a097d18668d42cad06aae8374c054f9632a39685f5,third_party_raw_fulltext_redistribution_not_established
release_package/04_数据与知识资源/unstructured_pipeline_snapshot/batch3_large_90/raw_txt/B3_088_甘肃银行普惠金融服务体系_055ab6e074.txt,10950,b77b3194965cae812149eead14d625e7949f1997a3f2fe78ae42c0d28f9da1c9,third_party_raw_fulltext_redistribution_not_established
release_package/04_数据与知识资源/unstructured_pipeline_snapshot/batch3_large_90/raw_txt/B3_089_甘肃银行科技贷产品页.txt,4139,ae1f9726c09dc2383b810a040af9a34fc4561139c6337f1bf3bfb9e648946e53,third_party_raw_fulltext_redistribution_not_established
release_package/04_数据与知识资源/unstructured_pipeline_snapshot/batch3_large_90/raw_txt/B3_089_甘肃银行科技贷产品页_45e901fc9e.txt,4384,79e1257020e691c6315b5a702a12106944298fd73440ec23cdfe80a24b848ea9,third_party_raw_fulltext_redistribution_not_established
release_package/04_数据与知识资源/unstructured_pipeline_snapshot/batch3_large_90/raw_txt/B3_090_甘肃银行惠知贷产品页.txt,3920,dbb4bf57dd1c986457be0b08e1cc63309d69f0b185c02ec227750c8358467712,third_party_raw_fulltext_redistribution_not_established
release_package/04_数据与知识资源/unstructured_pipeline_snapshot/batch3_large_90/raw_txt/B3_090_甘肃银行惠知贷产品页_7ce8519c1e.txt,4165,31f46be73c23cd958fd34115c5b18403f0fe0c23447fad5626e384e75f264eec,third_party_raw_fulltext_redistribution_not_established
release_package/04_数据与知识资源/unstructured_pipeline_snapshot/batch3_large_90/raw_txt/B3_091_中国银行科创贷知惠贷小微企业服务.txt,7059,27a760d66f846cfaa3aa61275015e12ef12541823890830265f12bad09ff1c7d,third_party_raw_fulltext_redistribution_not_established
release_package/04_数据与知识资源/unstructured_pipeline_snapshot/batch3_large_90/raw_txt/B3_091_中国银行科创贷知惠贷小微企业服务_33fbb76bd5.txt,5185,b6220d61871c60a068ec714f18d8a2d888b1528653cd620c6e4261486cc06aef,third_party_raw_fulltext_redistribution_not_established
release_package/04_数据与知识资源/unstructured_pipeline_snapshot/batch3_large_90/raw_txt/B3_092_邮储银行知识产权质押贷款服务案例_19842c967e.txt,258,6ff15eaa4216c60c653b0da4f77ee66266248867ca4485bace30604a46dabaa6,third_party_raw_fulltext_redistribution_not_established
release_package/04_数据与知识资源/unstructured_pipeline_snapshot/batch3_large_90/raw_txt/B3_093_邮储银行科技信用贷款知识产权质押贷款产品_e27ccca60c.txt,270,730c20227a27cafa0ac8a7e88af0a00d4147e4cfa3adcee735a9f40e5c97a705,third_party_raw_fulltext_redistribution_not_established
release_package/04_数据与知识资源/unstructured_pipeline_snapshot/batch3_large_90/raw_txt/B3_FLAT_001_aca1b11aa4.txt,3547,8d5dbe525e7b9348ea4ec2a6190b7199e191147cfb03442132c82379133b663c,third_party_raw_fulltext_redistribution_not_established
release_package/04_数据与知识资源/unstructured_pipeline_snapshot/batch3_large_90/raw_txt/B3_FLAT_002_c1e599878e.txt,31915,8369cf272cd557ee238514ab6a5cc4c58fc021e8f5e795eaa91b0a2eb3096f7d,third_party_raw_fulltext_redistribution_not_established
release_package/04_数据与知识资源/unstructured_pipeline_snapshot/batch3_large_90/raw_txt/B3_FLAT_003_8ec99911d5.txt,44969,a328c5526f9908ea34575bfd0ba739c0062e348092017a8a509c6bad50d20bb8,third_party_raw_fulltext_redistribution_not_established
release_package/04_数据与知识资源/unstructured_pipeline_snapshot/batch3_large_90/raw_txt/B3_FLAT_004_bc3d95fb5b.txt,3554,4c8c76b7ce218956d7af77ea7b8e4e306d169e4351ec41562ebc42270c5c0d9e,third_party_raw_fulltext_redistribution_not_established
release_package/04_数据与知识资源/unstructured_pipeline_snapshot/batch3_large_90/raw_txt/B3_FLAT_005_ed0cb10685.txt,2798,efb32a337d13417a3424d5d66c07f47a7e6d8bfaee279466398432d129deeb9c,third_party_raw_fulltext_redistribution_not_established
release_package/04_数据与知识资源/unstructured_pipeline_snapshot/batch3_large_90/raw_txt/B3_FLAT_006_f1d3c07910.txt,3567,d7376e6bb5c593241d13135a485885aabbbbb51d1f3396e55c4888033c8c63e1,third_party_raw_fulltext_redistribution_not_established
release_package/04_数据与知识资源/unstructured_pipeline_snapshot/batch3_large_90/raw_txt/B3_FLAT_007_31eda6b799.txt,3388,4b8f9ad3d977a59b7c6e3e1714615b3478705ad53fcc2161c5e5a96dd921d462,third_party_raw_fulltext_redistribution_not_established
release_package/04_数据与知识资源/unstructured_pipeline_snapshot/batch3_large_90/raw_txt/B3_FLAT_008_de2f1ce5f9.txt,3298,f2d53e88d0e039696aef77afa35b59ad62a92d01987e6fb8cd6728e7505c65a3,third_party_raw_fulltext_redistribution_not_established
release_package/04_数据与知识资源/unstructured_pipeline_snapshot/batch3_large_90/raw_txt/B3_FLAT_009_f8dd2fb285.txt,2602,0faae20248480a9578c68f273551ad4df2ca8a012a561feb6a914ffac6fbd6f2,third_party_raw_fulltext_redistribution_not_established
release_package/04_数据与知识资源/unstructured_pipeline_snapshot/batch3_large_90/raw_txt/B3_FLAT_010_db250ce8cf.txt,7905,6dcfc1531db00879f6625ce30307d73d6223912390c4da7686cee2904bc374ab,third_party_raw_fulltext_redistribution_not_established
release_package/04_数据与知识资源/unstructured_pipeline_snapshot/batch3_large_90/raw_txt/B3_FLAT_011_35cd050133.txt,2960,3db1f57068c31cb13c2da813e23e7ba51d5cfa7dd8dd126ebbd60ca2f363cfa4,third_party_raw_fulltext_redistribution_not_established
release_package/04_数据与知识资源/unstructured_pipeline_snapshot/batch3_large_90/raw_txt/B3_FLAT_012_b0d41d8ef6.txt,18931,871498d076c2db202a4f39ac07eee261c6cf2355979f04d93a8662044fc5c946,third_party_raw_fulltext_redistribution_not_established
release_package/04_数据与知识资源/unstructured_pipeline_snapshot/batch3_large_90/raw_txt/B3_FLAT_013_3328a9411d.txt,4280,cfdb848e2df74da439ce783575f0121147fc07a978f88b3bb3c0819d5751f9e5,third_party_raw_fulltext_redistribution_not_established
release_package/04_数据与知识资源/unstructured_pipeline_snapshot/batch3_large_90/raw_txt/B3_FLAT_014_b91499b269.txt,11879,539704dfeb9ac53b47e2908077d713beb0c1e60d3edf40da767f59f7379cdae4,third_party_raw_fulltext_redistribution_not_established
release_package/04_数据与知识资源/unstructured_pipeline_snapshot/batch3_large_90/raw_txt/B3_FLAT_015_9a28e73759.txt,5545,3fb6293cc22747938a64dfe5a6fa1861de335069b2f9da386900c1515009c272,third_party_raw_fulltext_redistribution_not_established
release_package/04_数据与知识资源/unstructured_pipeline_snapshot/batch3_large_90/raw_txt/B3_FLAT_016_c616f56f65.txt,6285,1e8ac5fe4e2a767344bb005575e1e9333326c6785f4f662c16a542d380c31121,third_party_raw_fulltext_redistribution_not_established
release_package/04_数据与知识资源/unstructured_pipeline_snapshot/batch3_large_90/raw_txt/B3_FLAT_017_e69dc339c4.txt,3555,b58eb4e60c62fa4f8285f3cc9ab618ef11996e70df5fe4eb4d37e23e9d6da922,third_party_raw_fulltext_redistribution_not_established
release_package/04_数据与知识资源/unstructured_pipeline_snapshot/batch3_large_90/raw_txt/B3_FLAT_018_6741d7f672.txt,3040,1debdbd1b23c412edd57fa81ef6c377c67046f871c6d69147797ed4c549ac7b5,third_party_raw_fulltext_redistribution_not_established
release_package/04_数据与知识资源/unstructured_pipeline_snapshot/batch3_large_90/raw_txt/B3_FLAT_019_5bc5fd9fdb.txt,15124,47beefb8e58081d6a978193357a6ae8d0ec6fd20d900f7e12d33d00bf3b3c45e,third_party_raw_fulltext_redistribution_not_established
release_package/04_数据与知识资源/unstructured_pipeline_snapshot/batch3_large_90/raw_txt/B3_FLAT_020_490f4dcf6f.txt,5052,f947bb58bf620aacc6de5395036106a78c3338e58ccb450b8c09a460a292c2fb,third_party_raw_fulltext_redistribution_not_established
release_package/04_数据与知识资源/unstructured_pipeline_snapshot/batch3_large_90/raw_txt/B3_FLAT_021_c05e1fab5d.txt,3829,78880db79c3f304d43fd29368ae337876ea0ff31a13d6c264317655ae6003432,third_party_raw_fulltext_redistribution_not_established
release_package/04_数据与知识资源/unstructured_pipeline_snapshot/batch3_large_90/raw_txt/B3_FLAT_022_6fb1d2163b.txt,31685,b2b5f771824c1e87c99f36ae54fcaa9787aa1427b3fd98b47d9e7ca3f674ba13,third_party_raw_fulltext_redistribution_not_established
release_package/04_数据与知识资源/unstructured_pipeline_snapshot/batch3_large_90/raw_txt/B3_FLAT_023_7c81195495.txt,17201,c6b04db10386db708886233e390dc0863e796471e0721e1359d6be0a8293ee8b,third_party_raw_fulltext_redistribution_not_established
release_package/04_数据与知识资源/unstructured_pipeline_snapshot/batch3_large_90/raw_txt/B3_FLAT_024_f6e65a67c9.txt,24198,7cb9081a2f912e924b351222ce5ae2f35ae79dbd8f87c5205daf2a6ff78933cb,third_party_raw_fulltext_redistribution_not_established
release_package/04_数据与知识资源/unstructured_pipeline_snapshot/batch3_large_90/raw_txt/B3_FLAT_025_6e55d681a3.txt,20851,32585bd919421db1be505dd0204f1d64768d259bc6f91d1cae7c8545ea5a957b,third_party_raw_fulltext_redistribution_not_established
release_package/04_数据与知识资源/unstructured_pipeline_snapshot/batch3_large_90/raw_txt/B3_FLAT_026_f0ea7afa01.txt,2210,8d701bf0469d7eebb07ae65886d0d0525910cdc56da795b37491e1befe6c1a86,third_party_raw_fulltext_redistribution_not_established
release_package/04_数据与知识资源/unstructured_pipeline_snapshot/batch3_large_90/raw_txt/B3_FLAT_027_5039461743.txt,2297,ab054930bf0f15864d68ac5510fca5062379ae95ac7962fad26125a7a4ccee8b,third_party_raw_fulltext_redistribution_not_established
release_package/04_数据与知识资源/unstructured_pipeline_snapshot/batch3_large_90/raw_txt/B3_FLAT_028_1b54fd6997.txt,23334,d20f7abcbf3c467158ebbad0753238906ef81328ecc208e85264b638d5558ec0,third_party_raw_fulltext_redistribution_not_established
release_package/04_数据与知识资源/unstructured_pipeline_snapshot/batch3_large_90/raw_txt/B3_FLAT_029_a756885ef2.txt,10583,71f9e6d12fd33a7c9a4287088e619ef10c293ab2f99ad7dc7cd86e8d8a3106c3,third_party_raw_fulltext_redistribution_not_established
release_package/04_数据与知识资源/unstructured_pipeline_snapshot/batch3_large_90/raw_txt/B3_FLAT_030_95b4e21021.txt,11512,ddf4e8188071bb2cef2a1fa095ab500028a6b21c3bf485631d3f009b595c8772,third_party_raw_fulltext_redistribution_not_established
release_package/04_数据与知识资源/unstructured_pipeline_snapshot/batch3_large_90/raw_txt/B3_FLAT_031_254b61b86a.txt,6362,4a61c01122e1999a93ac1c4bf86f8c69db05d550d404b99289e9aebd21b2c2c6,third_party_raw_fulltext_redistribution_not_established
release_package/04_数据与知识资源/unstructured_pipeline_snapshot/batch3_large_90/raw_txt/B3_FLAT_032_c97d2d6fec.txt,4250,80d024a0df28e610f5e5897eae4f748323059c864ce23a0229f1ae7b69638aea,third_party_raw_fulltext_redistribution_not_established
release_package/04_数据与知识资源/unstructured_pipeline_snapshot/batch3_large_90/raw_txt/B3_FLAT_033_83a4e19c86.txt,4397,0ded2c4fffe4c011826769ea062100dba3a70da6275746958c6f0097e7f4ed22,third_party_raw_fulltext_redistribution_not_established
release_package/04_数据与知识资源/unstructured_pipeline_snapshot/batch3_large_90/raw_txt/B3_FLAT_034_9bacb42c49.txt,4573,fa8eebff2021f93bdf82e286d990eff47fa5cc4ab7e1a91c475d6741c5767ea2,third_party_raw_fulltext_redistribution_not_established
release_package/04_数据与知识资源/unstructured_pipeline_snapshot/batch3_large_90/raw_txt/B3_FLAT_035_c39cb9360d.txt,5723,dfd64b1d34b2556e193587b9cd6593a2aadcb512783eb671026ebff0f349df05,third_party_raw_fulltext_redistribution_not_established
release_package/04_数据与知识资源/unstructured_pipeline_snapshot/batch3_large_90/raw_txt/B3_FLAT_036_13970d32a1.txt,4981,b88c58ff3b926539f662b80bf2bb21889c2361f9df7d7487253d497a76f832ff,third_party_raw_fulltext_redistribution_not_established
release_package/04_数据与知识资源/unstructured_pipeline_snapshot/batch3_large_90/raw_txt/B3_FLAT_037_a03d64780e.txt,10657,e91c33d042fb3ad647f54dfad0aeea85be095d4b02f309176681b2d39f63f23e,third_party_raw_fulltext_redistribution_not_established
release_package/04_数据与知识资源/unstructured_pipeline_snapshot/batch3_large_90/raw_txt/B3_FLAT_038_2266067bbc.txt,11579,6364d708e4a6effef8184e2a01e1ef49f44630a5b98b5d966cad65853cc35d97,third_party_raw_fulltext_redistribution_not_established
release_package/04_数据与知识资源/unstructured_pipeline_snapshot/batch3_large_90/raw_txt/B3_FLAT_039_1b0c8d6063.txt,9628,7d84be0c1692271f772031808548dd78bd7d39be68f91962fc957de60ee9e762,third_party_raw_fulltext_redistribution_not_established
release_package/04_数据与知识资源/unstructured_pipeline_snapshot/batch3_large_90/raw_txt/B3_FLAT_040_26e7fafce9.txt,4261,26e9b837e6702941b67da5ab8440f00741b2a987b2e479da418a2eb54f70d630,third_party_raw_fulltext_redistribution_not_established
release_package/04_数据与知识资源/unstructured_pipeline_snapshot/batch3_large_90/raw_txt/B3_FLAT_041_2fa8fd2c3c.txt,5415,9ff4604eb3fc6e56ec5bffa346faf9741adab1403e22a8b9f87be7b83fc00e47,third_party_raw_fulltext_redistribution_not_established
release_package/04_数据与知识资源/unstructured_pipeline_snapshot/batch3_large_90/raw_txt/B3_FLAT_042_3686f634ad.txt,4087,286f5d31168118550145139f2aa157bfd5997b4b9a93d0ef57c711ec133b8a7b,third_party_raw_fulltext_redistribution_not_established
release_package/04_数据与知识资源/unstructured_pipeline_snapshot/batch3_large_90/raw_txt/B3_FLAT_043_576dce972b.txt,4746,754e2c774dcb9a4c03015aba9e4260f4f4618d4f1c4d27535862b99643dc5600,third_party_raw_fulltext_redistribution_not_established
release_package/04_数据与知识资源/unstructured_pipeline_snapshot/batch3_large_90/raw_txt/B3_FLAT_044_679b07118f.txt,5415,16ccffdffa2ed6062f81fd1ef43e1ffd43e3d520d0891ce5a704e12cf6bc89d4,third_party_raw_fulltext_redistribution_not_established
release_package/04_数据与知识资源/unstructured_pipeline_snapshot/batch3_large_90/raw_txt/B3_FLAT_045_6d6fedc6d8.txt,5657,925dc8f1909bc670682f5af9d31f1311e476196f9bc944cc749de6bcd0605255,third_party_raw_fulltext_redistribution_not_established
release_package/04_数据与知识资源/unstructured_pipeline_snapshot/batch3_large_90/raw_txt/B3_FLAT_046_fbd1fdd911.txt,5499,a5407a7ba0d751d10172927d99d97dd55587855d5480ca329ae36f263d4271ce,third_party_raw_fulltext_redistribution_not_established
release_package/04_数据与知识资源/unstructured_pipeline_snapshot/batch3_large_90/raw_txt/B3_FLAT_047_29b1ce36a9.txt,5303,f253b34aaa4631b1b60ccbffa9e36e5c91c87080df4bb956a4bfd579040cc5a8,third_party_raw_fulltext_redistribution_not_established
release_package/04_数据与知识资源/unstructured_pipeline_snapshot/batch3_large_90/raw_txt/B3_FLAT_048_694266155a.txt,5506,652b214cdab084344cb56c52e79747079e2e464d645541398f713a31980a8f17,third_party_raw_fulltext_redistribution_not_established
release_package/04_数据与知识资源/unstructured_pipeline_snapshot/batch3_large_90/raw_txt/B3_FLAT_049_4c0a32e632.txt,5390,b86bde0f3c26d3a8aff57276cfd344d6bd031a59fe0b288699aab748d7b03782,third_party_raw_fulltext_redistribution_not_established
release_package/04_数据与知识资源/unstructured_pipeline_snapshot/batch3_large_90/raw_txt/B3_FLAT_050_e0330e4c32.txt,12787,fe6c4d3e1fa4ad35da82744a3ceb3e440451e38249d442f09309490e751d284a,third_party_raw_fulltext_redistribution_not_established
release_package/04_数据与知识资源/unstructured_pipeline_snapshot/batch3_large_90/raw_txt/B3_FLAT_051_b5df97edb1.txt,18771,147fcb0741898664bd12c2d2dde7772ab72587c0bc3ce17c3546da61b93bcf34,third_party_raw_fulltext_redistribution_not_established
release_package/04_数据与知识资源/unstructured_pipeline_snapshot/batch3_large_90/raw_txt/B3_FLAT_052_b822ff8c5b.txt,21806,786ebd91761f899e3f9843957a198902ba68439dab263668c12748043899e179,third_party_raw_fulltext_redistribution_not_established
release_package/04_数据与知识资源/unstructured_pipeline_snapshot/batch3_large_90/raw_txt/B3_FLAT_053_470729d0e8.txt,7413,a217a3a298302fe24b2232a19e0171072c67b3a169572bf16b996e09f5666f5d,third_party_raw_fulltext_redistribution_not_established
release_package/04_数据与知识资源/unstructured_pipeline_snapshot/batch3_large_90/selected_clean_txt/B3_079_甘肃银行普惠金融产品页.txt,3652,6c1ef7ac8a5c637e2c20eb98b05c1970551ae43b62b959efe1c8ca37cbe948ee,third_party_raw_fulltext_redistribution_not_established
release_package/04_数据与知识资源/unstructured_pipeline_snapshot/batch3_large_90/selected_clean_txt/B3_079_甘肃银行普惠金融产品页_c6a9ab2722.txt,3822,755f65475e4874efd96e79ac9dd8b5f16ad7bbb3ac892a97760004a26c961939,third_party_raw_fulltext_redistribution_not_established
release_package/04_数据与知识资源/unstructured_pipeline_snapshot/batch3_large_90/selected_clean_txt/B3_080_甘肃银行甘银惠知贷首单业务落地.txt,4479,7b6d6116ee2da5441b3713101e20c915a88fa0639230fa65683a1d3c956e5d84,third_party_raw_fulltext_redistribution_not_established
release_package/04_数据与知识资源/unstructured_pipeline_snapshot/batch3_large_90/selected_clean_txt/B3_080_甘肃银行甘银惠知贷首单业务落地_e2d85ec7d3.txt,2367,2059529926abf971ae7066163c9383751793abc605d72cf6550f8d973e0e8bb9,third_party_raw_fulltext_redistribution_not_established
release_package/04_数据与知识资源/unstructured_pipeline_snapshot/batch3_large_90/selected_clean_txt/B3_081_甘肃银行助力地方经济社会高质量发展.txt,22514,61e1dbdd208aea1145278620c2c7767dff01c99aa2701ebc16250d6994906a65,third_party_raw_fulltext_redistribution_not_established
release_package/04_数据与知识资源/unstructured_pipeline_snapshot/batch3_large_90/selected_clean_txt/B3_081_甘肃银行助力地方经济社会高质量发展_3dd13a9244.txt,20408,870882e648be8d00a6ce19645b83620cb0dde2b17a7eb6fb85332348aac058c1,third_party_raw_fulltext_redistribution_not_established
release_package/04_数据与知识资源/unstructured_pipeline_snapshot/batch3_large_90/selected_clean_txt/B3_082_甘肃银行科技金融与科技贷款情况.txt,7444,4c0ac63cbee2bb2a13cda2c8df34169664a583177966df0a4fa33082b8e76c3b,third_party_raw_fulltext_redistribution_not_established
release_package/04_数据与知识资源/unstructured_pipeline_snapshot/batch3_large_90/selected_clean_txt/B3_082_甘肃银行科技金融与科技贷款情况_e2fc9d6edb.txt,5332,69fe74477626d49ce0cadd3a41b9e714f6791299c3ab20db2f1b97c52ba4fd84,third_party_raw_fulltext_redistribution_not_established
release_package/04_数据与知识资源/unstructured_pipeline_snapshot/batch3_large_90/selected_clean_txt/B3_083_甘肃银行科技增信贷产品助力科技企业发展.txt,3611,436f298f73cb5962f8f4f01e16de444990b91ae9048ee618983036b9fdb531cc,third_party_raw_fulltext_redistribution_not_established
release_package/04_数据与知识资源/unstructured_pipeline_snapshot/batch3_large_90/selected_clean_txt/B3_083_甘肃银行科技增信贷产品助力科技企业发展_e0cf753487.txt,1511,67231947b499e9fa166fe01ff618a33a8e38a6fb4e8125976ccc2bad884fdd44,third_party_raw_fulltext_redistribution_not_established
release_package/04_数据与知识资源/unstructured_pipeline_snapshot/batch3_large_90/selected_clean_txt/B3_084_甘肃银行推出科技贷助力强科技行动.txt,3732,a31b3edd4f1de8d5f824d006e76cf0018e8dccc8fb8389597053cdd96f63df54,third_party_raw_fulltext_redistribution_not_established
release_package/04_数据与知识资源/unstructured_pipeline_snapshot/batch3_large_90/selected_clean_txt/B3_084_甘肃银行推出科技贷助力强科技行动_3e56bff612.txt,1623,b740770468cfb092f4b65eca6d3ea3c8e172e922bda84b9cb0851ca062018948,third_party_raw_fulltext_redistribution_not_established
release_package/04_数据与知识资源/unstructured_pipeline_snapshot/batch3_large_90/selected_clean_txt/B3_085_甘肃银行推出22条措施助力稳经济促发展.txt,6360,efc103ad9a5e3b57c262bbfcaa96d37fd72e8ef92500903dc26f55744da0a4a0,third_party_raw_fulltext_redistribution_not_established
release_package/04_数据与知识资源/unstructured_pipeline_snapshot/batch3_large_90/selected_clean_txt/B3_085_甘肃银行推出22条措施助力稳经济促发展_da7f6c3fc5.txt,4256,e2ba2b3f9db11851b7410c86b3d5c0a12849139a9b93e26326a68c903575fd68,third_party_raw_fulltext_redistribution_not_established
release_package/04_数据与知识资源/unstructured_pipeline_snapshot/batch3_large_90/selected_clean_txt/B3_086_甘肃银行扶持小微企业发展篇.txt,6654,b6d444cc3b01606d074cf40e9bb75743b70e87391946a7d2c071991dfcb2c5ac,third_party_raw_fulltext_redistribution_not_established
release_package/04_数据与知识资源/unstructured_pipeline_snapshot/batch3_large_90/selected_clean_txt/B3_086_甘肃银行扶持小微企业发展篇_4f0ccd4125.txt,4472,14cef850cc7a4ed0f93925053cdc74eb0ecdfd6b3731873fbcd542a8c0d02075,third_party_raw_fulltext_redistribution_not_established
release_package/04_数据与知识资源/unstructured_pipeline_snapshot/batch3_large_90/selected_clean_txt/B3_087_甘肃银行三抓三促推动高质量发展.txt,18202,f29a35652375c402dd2bb98fedea8f7c6d84a1e243294fd26419fc62cbe1d0d4,third_party_raw_fulltext_redistribution_not_established
release_package/04_数据与知识资源/unstructured_pipeline_snapshot/batch3_large_90/selected_clean_txt/B3_087_甘肃银行三抓三促推动高质量发展_5d9aecf1c7.txt,16090,a25aff1978cc192093e134de8a72c972f3fee0dea7366c5e032dc6090fe419d8,third_party_raw_fulltext_redistribution_not_established
release_package/04_数据与知识资源/unstructured_pipeline_snapshot/batch3_large_90/selected_clean_txt/B3_088_甘肃银行普惠金融服务体系.txt,13070,adc9964f62a90e6b77a4e2b9b71005d8f485cfa9232881a45313920442d9b813,third_party_raw_fulltext_redistribution_not_established
release_package/04_数据与知识资源/unstructured_pipeline_snapshot/batch3_large_90/selected_clean_txt/B3_088_甘肃银行普惠金融服务体系_055ab6e074.txt,10949,5d69fd2d1df9d42d3a72985d25c31d44dee4d84314ce6e4918acfd92ef4acf28,third_party_raw_fulltext_redistribution_not_established
release_package/04_数据与知识资源/unstructured_pipeline_snapshot/batch3_large_90/selected_clean_txt/B3_089_甘肃银行科技贷产品页.txt,3038,814edce41c2f451312529eae7651180d8f6675b46f0a483c43338108f4277597,third_party_raw_fulltext_redistribution_not_established
release_package/04_数据与知识资源/unstructured_pipeline_snapshot/batch3_large_90/selected_clean_txt/B3_089_甘肃银行科技贷产品页_45e901fc9e.txt,3221,30bc6f0fcdcb6641fa0cdcbded4db60a468470f2a7314135dcb512f6acac2ad7,third_party_raw_fulltext_redistribution_not_established
release_package/04_数据与知识资源/unstructured_pipeline_snapshot/batch3_large_90/selected_clean_txt/B3_090_甘肃银行惠知贷产品页.txt,2819,fa701a8ea81f45224200eac829762470cf458ba2aaf5828fb29363323b04ca1f,third_party_raw_fulltext_redistribution_not_established
release_package/04_数据与知识资源/unstructured_pipeline_snapshot/batch3_large_90/selected_clean_txt/B3_090_甘肃银行惠知贷产品页_7ce8519c1e.txt,3002,269b43d4216ba677ba8c00641893f930df29df457a8be3fe0847053f9baa830e,third_party_raw_fulltext_redistribution_not_established
release_package/04_数据与知识资源/unstructured_pipeline_snapshot/batch3_large_90/selected_clean_txt/B3_091_中国银行科创贷知惠贷小微企业服务.txt,6871,50160f2c5ef5c613e531bbb507a825d9bd9248636c10fee3b09218cf791698a0,third_party_raw_fulltext_redistribution_not_established
release_package/04_数据与知识资源/unstructured_pipeline_snapshot/batch3_large_90/selected_clean_txt/B3_091_中国银行科创贷知惠贷小微企业服务_33fbb76bd5.txt,5178,b5bee1f300bc6dad160dee9631f217d72a73b087d6ecfa445b22d9609739c251,third_party_raw_fulltext_redistribution_not_established
release_package/04_数据与知识资源/unstructured_pipeline_snapshot/batch3_large_90/selected_clean_txt/B3_FLAT_001_aca1b11aa4.txt,3479,041b6e4d0a449bd239e86a50491f07e651e081c3617b45732725759d960259af,third_party_raw_fulltext_redistribution_not_established
release_package/04_数据与知识资源/unstructured_pipeline_snapshot/batch3_large_90/selected_clean_txt/B3_FLAT_002_c1e599878e.txt,31609,08272ec560522bb06760d181dd348cde161c7f4e252eecdcb6092be05aaa57ec,third_party_raw_fulltext_redistribution_not_established
release_package/04_数据与知识资源/unstructured_pipeline_snapshot/batch3_large_90/selected_clean_txt/B3_FLAT_003_8ec99911d5.txt,44537,6ad288145d34e684bd968fa3687b7c229d2a679620314e17b676d31893e384eb,third_party_raw_fulltext_redistribution_not_established
release_package/04_数据与知识资源/unstructured_pipeline_snapshot/batch3_large_90/selected_clean_txt/B3_FLAT_004_bc3d95fb5b.txt,3486,1cb9530620022ba2b845c189db92a812dda0f017f972874d10ea54c4a747ed44,third_party_raw_fulltext_redistribution_not_established
release_package/04_数据与知识资源/unstructured_pipeline_snapshot/batch3_large_90/selected_clean_txt/B3_FLAT_005_ed0cb10685.txt,2730,82c3f41ba8fb28882296bb0c5020e3359bbb42dd2963680974fdec2bacad6a01,third_party_raw_fulltext_redistribution_not_established
release_package/04_数据与知识资源/unstructured_pipeline_snapshot/batch3_large_90/selected_clean_txt/B3_FLAT_006_f1d3c07910.txt,3495,7fe8efa5707578f04ab0622304da160c601fc8509448f44ecd063c9a136146ca,third_party_raw_fulltext_redistribution_not_established
release_package/04_数据与知识资源/unstructured_pipeline_snapshot/batch3_large_90/selected_clean_txt/B3_FLAT_007_31eda6b799.txt,3318,46743d8b99a1a585c553d66a378766dfa7e2ab3932d654072f23d294144373b0,third_party_raw_fulltext_redistribution_not_established
release_package/04_数据与知识资源/unstructured_pipeline_snapshot/batch3_large_90/selected_clean_txt/B3_FLAT_008_de2f1ce5f9.txt,3228,31487a646d1fa10b1f0c4280f2e594e5d4430426cafa09b9500c209d415e273a,third_party_raw_fulltext_redistribution_not_established
release_package/04_数据与知识资源/unstructured_pipeline_snapshot/batch3_large_90/selected_clean_txt/B3_FLAT_009_f8dd2fb285.txt,2532,05a03a6cef83208e4e58f2ceee288a034085bb4c0753cc6da66444b77e93afca,third_party_raw_fulltext_redistribution_not_established
release_package/04_数据与知识资源/unstructured_pipeline_snapshot/batch3_large_90/selected_clean_txt/B3_FLAT_010_db250ce8cf.txt,7837,246ac6495a9bca800fafd677b1678ed2081884d5f5592a8d4911879a69bc1789,third_party_raw_fulltext_redistribution_not_established
release_package/04_数据与知识资源/unstructured_pipeline_snapshot/batch3_large_90/selected_clean_txt/B3_FLAT_011_35cd050133.txt,2892,5e3a9879bc4fd1e12acfc1bf52c0bfbcda8bd95a2ca162367bccc3699f95a65e,third_party_raw_fulltext_redistribution_not_established
release_package/04_数据与知识资源/unstructured_pipeline_snapshot/batch3_large_90/selected_clean_txt/B3_FLAT_012_b0d41d8ef6.txt,18563,5a6d4aa428de0e0b84ec4a5e6b83be26d5463c28103885e866988a03c51df2fa,third_party_raw_fulltext_redistribution_not_established
release_package/04_数据与知识资源/unstructured_pipeline_snapshot/batch3_large_90/selected_clean_txt/B3_FLAT_013_3328a9411d.txt,4199,96f5fc43ce0409f38d5797e18a0c948680d7513c8ca02f97ec26b7501c045d36,third_party_raw_fulltext_redistribution_not_established
release_package/04_数据与知识资源/unstructured_pipeline_snapshot/batch3_large_90/selected_clean_txt/B3_FLAT_014_b91499b269.txt,11511,ac14cf335c1c48b1be2afc6c7cd481992845c35abce8ef11c78a5207dcc42654,third_party_raw_fulltext_redistribution_not_established
release_package/04_数据与知识资源/unstructured_pipeline_snapshot/batch3_large_90/selected_clean_txt/B3_FLAT_015_9a28e73759.txt,5464,85b99d38623d1813c526248943f9c725e2f51284b1b8fb615df589ec76c785a7,third_party_raw_fulltext_redistribution_not_established
release_package/04_数据与知识资源/unstructured_pipeline_snapshot/batch3_large_90/selected_clean_txt/B3_FLAT_016_c616f56f65.txt,6031,2494711eee59628b94a874ac4b13f353c6d5029a2847adff0f7b3a1855a6410e,third_party_raw_fulltext_redistribution_not_established
release_package/04_数据与知识资源/unstructured_pipeline_snapshot/batch3_large_90/selected_clean_txt/B3_FLAT_017_e69dc339c4.txt,3474,4c306c0a3705e8eb3728b68f626b74e5a1a10b455726f4ef3d62aea6f41efe06,third_party_raw_fulltext_redistribution_not_established
release_package/04_数据与知识资源/unstructured_pipeline_snapshot/batch3_large_90/selected_clean_txt/B3_FLAT_018_6741d7f672.txt,2961,98f43360a2a5fbf9235a1d8a8a53194dffcf5ac9c7d4b9e68442490ef53309cc,third_party_raw_fulltext_redistribution_not_established
release_package/04_数据与知识资源/unstructured_pipeline_snapshot/batch3_large_90/selected_clean_txt/B3_FLAT_019_5bc5fd9fdb.txt,14756,2b67a00471790b7d57e51e2698f4a705347e017c3a65502c39009f7b7821cea0,third_party_raw_fulltext_redistribution_not_established
release_package/04_数据与知识资源/unstructured_pipeline_snapshot/batch3_large_90/selected_clean_txt/B3_FLAT_020_490f4dcf6f.txt,4973,05b05d36c5238059486230b8efd4a1dd1571be5c23a7a07966e738b0fd6ca096,third_party_raw_fulltext_redistribution_not_established
release_package/04_数据与知识资源/unstructured_pipeline_snapshot/batch3_large_90/selected_clean_txt/B3_FLAT_021_c05e1fab5d.txt,3761,fcb0e4c3a1d59c470851172d1df60bcf80ef6815495409acd12d83e3baf6028d,third_party_raw_fulltext_redistribution_not_established
release_package/04_数据与知识资源/unstructured_pipeline_snapshot/batch3_large_90/selected_clean_txt/B3_FLAT_022_6fb1d2163b.txt,31330,db2b8f22cd867898537920c11bbfb6a7390091ef8af530ad123b938589d5917d,third_party_raw_fulltext_redistribution_not_established
release_package/04_数据与知识资源/unstructured_pipeline_snapshot/batch3_large_90/selected_clean_txt/B3_FLAT_023_7c81195495.txt,16892,cb1edcca62525f048a4366792abecccdc9bef79d6d61fcad782b350f70097bab,third_party_raw_fulltext_redistribution_not_established
release_package/04_数据与知识资源/unstructured_pipeline_snapshot/batch3_large_90/selected_clean_txt/B3_FLAT_024_f6e65a67c9.txt,23889,29e051c720646c06b2430d058fcb45c91c40a29fd936f5d548edd412c473181a,third_party_raw_fulltext_redistribution_not_established
release_package/04_数据与知识资源/unstructured_pipeline_snapshot/batch3_large_90/selected_clean_txt/B3_FLAT_025_6e55d681a3.txt,20447,602358bee6a5a3bd02b488e8b62c6ff18c063a086ff7f5dfb8649c219c6c82e6,third_party_raw_fulltext_redistribution_not_established
release_package/04_数据与知识资源/unstructured_pipeline_snapshot/batch3_large_90/selected_clean_txt/B3_FLAT_028_1b54fd6997.txt,23230,bfd6dfa127b7c39d48eeab58d7a7924c966a0cf9bf80cce75509c3517510ff31,third_party_raw_fulltext_redistribution_not_established
release_package/04_数据与知识资源/unstructured_pipeline_snapshot/batch3_large_90/selected_clean_txt/B3_FLAT_029_a756885ef2.txt,10358,51f112864943baf6902bac8f7938b008610437e6396c92db7045d3703ec05488,third_party_raw_fulltext_redistribution_not_established
release_package/04_数据与知识资源/unstructured_pipeline_snapshot/batch3_large_90/selected_clean_txt/B3_FLAT_030_95b4e21021.txt,11298,46c9e72a76459623566851df040e638679306606770c00538586abd5a8d58823,third_party_raw_fulltext_redistribution_not_established
release_package/04_数据与知识资源/unstructured_pipeline_snapshot/batch3_large_90/selected_clean_txt/B3_FLAT_031_254b61b86a.txt,6137,f4fa1404c1e8fe91661a8a394ebd33a5320724a7e08f27e67d22a7b63d701ecc,third_party_raw_fulltext_redistribution_not_established
release_package/04_数据与知识资源/unstructured_pipeline_snapshot/batch3_large_90/selected_clean_txt/B3_FLAT_032_c97d2d6fec.txt,4025,c939ff3395792653b31ed39d634b0c62dc61765b14fc3e8aff3ed5eb776ecd81,third_party_raw_fulltext_redistribution_not_established
release_package/04_数据与知识资源/unstructured_pipeline_snapshot/batch3_large_90/selected_clean_txt/B3_FLAT_033_83a4e19c86.txt,4135,9463ed14f86d9d3e10006e1ddeb7a7fb51f3310b64cd47fb3c9adc3012cc11e2,third_party_raw_fulltext_redistribution_not_established
release_package/04_数据与知识资源/unstructured_pipeline_snapshot/batch3_large_90/selected_clean_txt/B3_FLAT_034_9bacb42c49.txt,4311,0b966e6ebb86cb167b393a0e825f810246bb133d9358171413ac296c55c3f2bb,third_party_raw_fulltext_redistribution_not_established
release_package/04_数据与知识资源/unstructured_pipeline_snapshot/batch3_large_90/selected_clean_txt/B3_FLAT_035_c39cb9360d.txt,5472,58e4b19b1541a1dfb91a8d5be0b0231c9bf4b5445653ac66516106b06273a1f8,third_party_raw_fulltext_redistribution_not_established
release_package/04_数据与知识资源/unstructured_pipeline_snapshot/batch3_large_90/selected_clean_txt/B3_FLAT_036_13970d32a1.txt,4719,ba1445d7f3f177c03abc94c8231471acb0fde02fb61dfa6828dd2e5737c673aa,third_party_raw_fulltext_redistribution_not_established
release_package/04_数据与知识资源/unstructured_pipeline_snapshot/batch3_large_90/selected_clean_txt/B3_FLAT_037_a03d64780e.txt,10406,32baf26ff98c644f74c8a360fdaa6eaae99865080ef0aadab969aee34f242a82,third_party_raw_fulltext_redistribution_not_established
release_package/04_数据与知识资源/unstructured_pipeline_snapshot/batch3_large_90/selected_clean_txt/B3_FLAT_038_2266067bbc.txt,11339,4a0255681baefc90e44756dae7e4775d24c13d708b36f48a2bac672002ffd8d7,third_party_raw_fulltext_redistribution_not_established
release_package/04_数据与知识资源/unstructured_pipeline_snapshot/batch3_large_90/selected_clean_txt/B3_FLAT_039_1b0c8d6063.txt,9388,3bfa3c06f8dab59da22b0e34d12d41b63765fa9a6da5f35a98969c6bd60d522b,third_party_raw_fulltext_redistribution_not_established
release_package/04_数据与知识资源/unstructured_pipeline_snapshot/batch3_large_90/selected_clean_txt/B3_FLAT_040_26e7fafce9.txt,3999,3efe7cc94c6b630a9949dbcd52084439b8ce332b277d8b9f462dce2c586469b8,third_party_raw_fulltext_redistribution_not_established
release_package/04_数据与知识资源/unstructured_pipeline_snapshot/batch3_large_90/selected_clean_txt/B3_FLAT_041_2fa8fd2c3c.txt,5175,63cd86a5aeb2d3725db1f9ee78d5365141e878b42ff3da5c273b55b703706a6a,third_party_raw_fulltext_redistribution_not_established
release_package/04_数据与知识资源/unstructured_pipeline_snapshot/batch3_large_90/selected_clean_txt/B3_FLAT_042_3686f634ad.txt,3847,5eda7c447405cd15f7b0c18dbe6a46cd49df2ea71f8a8c720f23358dd9114365,third_party_raw_fulltext_redistribution_not_established
release_package/04_数据与知识资源/unstructured_pipeline_snapshot/batch3_large_90/selected_clean_txt/B3_FLAT_043_576dce972b.txt,4506,85ebf841459457168e55ff19f67f2133d1c6074c40e67da5e8d61e79ff50a66c,third_party_raw_fulltext_redistribution_not_established
release_package/04_数据与知识资源/unstructured_pipeline_snapshot/batch3_large_90/selected_clean_txt/B3_FLAT_044_679b07118f.txt,5153,39c76ed6efd693521aab4a924f9502fbb83c6948444c33b0217addc4bacc817e,third_party_raw_fulltext_redistribution_not_established
release_package/04_数据与知识资源/unstructured_pipeline_snapshot/batch3_large_90/selected_clean_txt/B3_FLAT_045_6d6fedc6d8.txt,5406,695b67c5175c72e6491779d64250614481198fef4ec7d40d8031edd073c1173a,third_party_raw_fulltext_redistribution_not_established
release_package/04_数据与知识资源/unstructured_pipeline_snapshot/batch3_large_90/selected_clean_txt/B3_FLAT_046_fbd1fdd911.txt,5248,3b06feb9dad2626d33dafc908c874c856b24e462fa526c38b79ce7ffea10f6f4,third_party_raw_fulltext_redistribution_not_established
release_package/04_数据与知识资源/unstructured_pipeline_snapshot/batch3_large_90/selected_clean_txt/B3_FLAT_047_29b1ce36a9.txt,5063,833f7251f53fd13bfde7be68cfbd8f5cdceb640ae6cdac46b8ca326545182828,third_party_raw_fulltext_redistribution_not_established
release_package/04_数据与知识资源/unstructured_pipeline_snapshot/batch3_large_90/selected_clean_txt/B3_FLAT_048_694266155a.txt,5244,a08cbbe2fd572c43c8ab60f43d052cf74a707e566d845ef4918b02cfcb7fed1b,third_party_raw_fulltext_redistribution_not_established
release_package/04_数据与知识资源/unstructured_pipeline_snapshot/batch3_large_90/selected_clean_txt/B3_FLAT_049_4c0a32e632.txt,5150,093153ef31cca110a255277e7f58cf7dda46c3d95fc4d003ce72b2c90a352c15,third_party_raw_fulltext_redistribution_not_established
release_package/04_数据与知识资源/unstructured_pipeline_snapshot/batch3_large_90/selected_clean_txt/B3_FLAT_050_e0330e4c32.txt,12547,4c045de76f4518c384d9c5a538c5c88a7615d524938d98a6defc0295e5f8e003,third_party_raw_fulltext_redistribution_not_established
release_package/04_数据与知识资源/unstructured_pipeline_snapshot/batch3_large_90/selected_clean_txt/B3_FLAT_051_b5df97edb1.txt,18403,8bbe77c41f09dc873ad491836823780a0ed6934cbb9dd1a356f45a9c159ce58e,third_party_raw_fulltext_redistribution_not_established
release_package/04_数据与知识资源/unstructured_pipeline_snapshot/batch3_large_90/selected_clean_txt/B3_FLAT_052_b822ff8c5b.txt,21436,cd0d01dc8c7fba95cdde4d91f550fb9cd291a3162e4f16dd4d5742e1d6169a6a,third_party_raw_fulltext_redistribution_not_established
release_package/04_数据与知识资源/unstructured_pipeline_snapshot/batch3_large_90/selected_clean_txt/B3_FLAT_053_470729d0e8.txt,7045,38d502365dbd26a883c9935553ec2db534105ed15cd0d6d7e5468423619b675b,third_party_raw_fulltext_redistribution_not_established
release_package/04_数据与知识资源/unstructured_pipeline_snapshot/batch3_large_90/selected_clean_txt_dedup/B3_079_甘肃银行普惠金融产品页.txt,3652,6c1ef7ac8a5c637e2c20eb98b05c1970551ae43b62b959efe1c8ca37cbe948ee,third_party_raw_fulltext_redistribution_not_established
release_package/04_数据与知识资源/unstructured_pipeline_snapshot/batch3_large_90/selected_clean_txt_dedup/B3_079_甘肃银行普惠金融产品页_c6a9ab2722.txt,3822,755f65475e4874efd96e79ac9dd8b5f16ad7bbb3ac892a97760004a26c961939,third_party_raw_fulltext_redistribution_not_established
release_package/04_数据与知识资源/unstructured_pipeline_snapshot/batch3_large_90/selected_clean_txt_dedup/B3_080_甘肃银行甘银惠知贷首单业务落地.txt,4479,7b6d6116ee2da5441b3713101e20c915a88fa0639230fa65683a1d3c956e5d84,third_party_raw_fulltext_redistribution_not_established
release_package/04_数据与知识资源/unstructured_pipeline_snapshot/batch3_large_90/selected_clean_txt_dedup/B3_080_甘肃银行甘银惠知贷首单业务落地_e2d85ec7d3.txt,2367,2059529926abf971ae7066163c9383751793abc605d72cf6550f8d973e0e8bb9,third_party_raw_fulltext_redistribution_not_established
release_package/04_数据与知识资源/unstructured_pipeline_snapshot/batch3_large_90/selected_clean_txt_dedup/B3_081_甘肃银行助力地方经济社会高质量发展.txt,22514,61e1dbdd208aea1145278620c2c7767dff01c99aa2701ebc16250d6994906a65,third_party_raw_fulltext_redistribution_not_established
release_package/04_数据与知识资源/unstructured_pipeline_snapshot/batch3_large_90/selected_clean_txt_dedup/B3_081_甘肃银行助力地方经济社会高质量发展_3dd13a9244.txt,20408,870882e648be8d00a6ce19645b83620cb0dde2b17a7eb6fb85332348aac058c1,third_party_raw_fulltext_redistribution_not_established
release_package/04_数据与知识资源/unstructured_pipeline_snapshot/batch3_large_90/selected_clean_txt_dedup/B3_082_甘肃银行科技金融与科技贷款情况.txt,7444,4c0ac63cbee2bb2a13cda2c8df34169664a583177966df0a4fa33082b8e76c3b,third_party_raw_fulltext_redistribution_not_established
release_package/04_数据与知识资源/unstructured_pipeline_snapshot/batch3_large_90/selected_clean_txt_dedup/B3_082_甘肃银行科技金融与科技贷款情况_e2fc9d6edb.txt,5332,69fe74477626d49ce0cadd3a41b9e714f6791299c3ab20db2f1b97c52ba4fd84,third_party_raw_fulltext_redistribution_not_established
release_package/04_数据与知识资源/unstructured_pipeline_snapshot/batch3_large_90/selected_clean_txt_dedup/B3_083_甘肃银行科技增信贷产品助力科技企业发展.txt,3611,436f298f73cb5962f8f4f01e16de444990b91ae9048ee618983036b9fdb531cc,third_party_raw_fulltext_redistribution_not_established
release_package/04_数据与知识资源/unstructured_pipeline_snapshot/batch3_large_90/selected_clean_txt_dedup/B3_083_甘肃银行科技增信贷产品助力科技企业发展_e0cf753487.txt,1511,67231947b499e9fa166fe01ff618a33a8e38a6fb4e8125976ccc2bad884fdd44,third_party_raw_fulltext_redistribution_not_established
release_package/04_数据与知识资源/unstructured_pipeline_snapshot/batch3_large_90/selected_clean_txt_dedup/B3_084_甘肃银行推出科技贷助力强科技行动.txt,3732,a31b3edd4f1de8d5f824d006e76cf0018e8dccc8fb8389597053cdd96f63df54,third_party_raw_fulltext_redistribution_not_established
release_package/04_数据与知识资源/unstructured_pipeline_snapshot/batch3_large_90/selected_clean_txt_dedup/B3_084_甘肃银行推出科技贷助力强科技行动_3e56bff612.txt,1623,b740770468cfb092f4b65eca6d3ea3c8e172e922bda84b9cb0851ca062018948,third_party_raw_fulltext_redistribution_not_established
release_package/04_数据与知识资源/unstructured_pipeline_snapshot/batch3_large_90/selected_clean_txt_dedup/B3_085_甘肃银行推出22条措施助力稳经济促发展.txt,6360,efc103ad9a5e3b57c262bbfcaa96d37fd72e8ef92500903dc26f55744da0a4a0,third_party_raw_fulltext_redistribution_not_established
release_package/04_数据与知识资源/unstructured_pipeline_snapshot/batch3_large_90/selected_clean_txt_dedup/B3_085_甘肃银行推出22条措施助力稳经济促发展_da7f6c3fc5.txt,4256,e2ba2b3f9db11851b7410c86b3d5c0a12849139a9b93e26326a68c903575fd68,third_party_raw_fulltext_redistribution_not_established
release_package/04_数据与知识资源/unstructured_pipeline_snapshot/batch3_large_90/selected_clean_txt_dedup/B3_086_甘肃银行扶持小微企业发展篇.txt,6654,b6d444cc3b01606d074cf40e9bb75743b70e87391946a7d2c071991dfcb2c5ac,third_party_raw_fulltext_redistribution_not_established
release_package/04_数据与知识资源/unstructured_pipeline_snapshot/batch3_large_90/selected_clean_txt_dedup/B3_086_甘肃银行扶持小微企业发展篇_4f0ccd4125.txt,4472,14cef850cc7a4ed0f93925053cdc74eb0ecdfd6b3731873fbcd542a8c0d02075,third_party_raw_fulltext_redistribution_not_established
release_package/04_数据与知识资源/unstructured_pipeline_snapshot/batch3_large_90/selected_clean_txt_dedup/B3_087_甘肃银行三抓三促推动高质量发展.txt,18202,f29a35652375c402dd2bb98fedea8f7c6d84a1e243294fd26419fc62cbe1d0d4,third_party_raw_fulltext_redistribution_not_established
release_package/04_数据与知识资源/unstructured_pipeline_snapshot/batch3_large_90/selected_clean_txt_dedup/B3_087_甘肃银行三抓三促推动高质量发展_5d9aecf1c7.txt,16090,a25aff1978cc192093e134de8a72c972f3fee0dea7366c5e032dc6090fe419d8,third_party_raw_fulltext_redistribution_not_established
release_package/04_数据与知识资源/unstructured_pipeline_snapshot/batch3_large_90/selected_clean_txt_dedup/B3_088_甘肃银行普惠金融服务体系.txt,13070,adc9964f62a90e6b77a4e2b9b71005d8f485cfa9232881a45313920442d9b813,third_party_raw_fulltext_redistribution_not_established
release_package/04_数据与知识资源/unstructured_pipeline_snapshot/batch3_large_90/selected_clean_txt_dedup/B3_088_甘肃银行普惠金融服务体系_055ab6e074.txt,10949,5d69fd2d1df9d42d3a72985d25c31d44dee4d84314ce6e4918acfd92ef4acf28,third_party_raw_fulltext_redistribution_not_established
release_package/04_数据与知识资源/unstructured_pipeline_snapshot/batch3_large_90/selected_clean_txt_dedup/B3_089_甘肃银行科技贷产品页.txt,3038,814edce41c2f451312529eae7651180d8f6675b46f0a483c43338108f4277597,third_party_raw_fulltext_redistribution_not_established
release_package/04_数据与知识资源/unstructured_pipeline_snapshot/batch3_large_90/selected_clean_txt_dedup/B3_089_甘肃银行科技贷产品页_45e901fc9e.txt,3221,30bc6f0fcdcb6641fa0cdcbded4db60a468470f2a7314135dcb512f6acac2ad7,third_party_raw_fulltext_redistribution_not_established
release_package/04_数据与知识资源/unstructured_pipeline_snapshot/batch3_large_90/selected_clean_txt_dedup/B3_090_甘肃银行惠知贷产品页.txt,2819,fa701a8ea81f45224200eac829762470cf458ba2aaf5828fb29363323b04ca1f,third_party_raw_fulltext_redistribution_not_established
release_package/04_数据与知识资源/unstructured_pipeline_snapshot/batch3_large_90/selected_clean_txt_dedup/B3_090_甘肃银行惠知贷产品页_7ce8519c1e.txt,3002,269b43d4216ba677ba8c00641893f930df29df457a8be3fe0847053f9baa830e,third_party_raw_fulltext_redistribution_not_established
release_package/04_数据与知识资源/unstructured_pipeline_snapshot/batch3_large_90/selected_clean_txt_dedup/B3_091_中国银行科创贷知惠贷小微企业服务.txt,6871,50160f2c5ef5c613e531bbb507a825d9bd9248636c10fee3b09218cf791698a0,third_party_raw_fulltext_redistribution_not_established
release_package/04_数据与知识资源/unstructured_pipeline_snapshot/batch3_large_90/selected_clean_txt_dedup/B3_091_中国银行科创贷知惠贷小微企业服务_33fbb76bd5.txt,5178,b5bee1f300bc6dad160dee9631f217d72a73b087d6ecfa445b22d9609739c251,third_party_raw_fulltext_redistribution_not_established
release_package/04_数据与知识资源/unstructured_pipeline_snapshot/batch3_large_90/selected_clean_txt_dedup/B3_FLAT_001_aca1b11aa4.txt,3479,041b6e4d0a449bd239e86a50491f07e651e081c3617b45732725759d960259af,third_party_raw_fulltext_redistribution_not_established
release_package/04_数据与知识资源/unstructured_pipeline_snapshot/batch3_large_90/selected_clean_txt_dedup/B3_FLAT_002_c1e599878e.txt,31609,08272ec560522bb06760d181dd348cde161c7f4e252eecdcb6092be05aaa57ec,third_party_raw_fulltext_redistribution_not_established
release_package/04_数据与知识资源/unstructured_pipeline_snapshot/batch3_large_90/selected_clean_txt_dedup/B3_FLAT_003_8ec99911d5.txt,44537,6ad288145d34e684bd968fa3687b7c229d2a679620314e17b676d31893e384eb,third_party_raw_fulltext_redistribution_not_established
release_package/04_数据与知识资源/unstructured_pipeline_snapshot/batch3_large_90/selected_clean_txt_dedup/B3_FLAT_004_bc3d95fb5b.txt,3486,1cb9530620022ba2b845c189db92a812dda0f017f972874d10ea54c4a747ed44,third_party_raw_fulltext_redistribution_not_established
release_package/04_数据与知识资源/unstructured_pipeline_snapshot/batch3_large_90/selected_clean_txt_dedup/B3_FLAT_005_ed0cb10685.txt,2730,82c3f41ba8fb28882296bb0c5020e3359bbb42dd2963680974fdec2bacad6a01,third_party_raw_fulltext_redistribution_not_established
release_package/04_数据与知识资源/unstructured_pipeline_snapshot/batch3_large_90/selected_clean_txt_dedup/B3_FLAT_006_f1d3c07910.txt,3495,7fe8efa5707578f04ab0622304da160c601fc8509448f44ecd063c9a136146ca,third_party_raw_fulltext_redistribution_not_established
release_package/04_数据与知识资源/unstructured_pipeline_snapshot/batch3_large_90/selected_clean_txt_dedup/B3_FLAT_007_31eda6b799.txt,3318,46743d8b99a1a585c553d66a378766dfa7e2ab3932d654072f23d294144373b0,third_party_raw_fulltext_redistribution_not_established
release_package/04_数据与知识资源/unstructured_pipeline_snapshot/batch3_large_90/selected_clean_txt_dedup/B3_FLAT_008_de2f1ce5f9.txt,3228,31487a646d1fa10b1f0c4280f2e594e5d4430426cafa09b9500c209d415e273a,third_party_raw_fulltext_redistribution_not_established
release_package/04_数据与知识资源/unstructured_pipeline_snapshot/batch3_large_90/selected_clean_txt_dedup/B3_FLAT_009_f8dd2fb285.txt,2532,05a03a6cef83208e4e58f2ceee288a034085bb4c0753cc6da66444b77e93afca,third_party_raw_fulltext_redistribution_not_established
release_package/04_数据与知识资源/unstructured_pipeline_snapshot/batch3_large_90/selected_clean_txt_dedup/B3_FLAT_010_db250ce8cf.txt,7837,246ac6495a9bca800fafd677b1678ed2081884d5f5592a8d4911879a69bc1789,third_party_raw_fulltext_redistribution_not_established
release_package/04_数据与知识资源/unstructured_pipeline_snapshot/batch3_large_90/selected_clean_txt_dedup/B3_FLAT_011_35cd050133.txt,2892,5e3a9879bc4fd1e12acfc1bf52c0bfbcda8bd95a2ca162367bccc3699f95a65e,third_party_raw_fulltext_redistribution_not_established
release_package/04_数据与知识资源/unstructured_pipeline_snapshot/batch3_large_90/selected_clean_txt_dedup/B3_FLAT_012_b0d41d8ef6.txt,18563,5a6d4aa428de0e0b84ec4a5e6b83be26d5463c28103885e866988a03c51df2fa,third_party_raw_fulltext_redistribution_not_established
release_package/04_数据与知识资源/unstructured_pipeline_snapshot/batch3_large_90/selected_clean_txt_dedup/B3_FLAT_013_3328a9411d.txt,4199,96f5fc43ce0409f38d5797e18a0c948680d7513c8ca02f97ec26b7501c045d36,third_party_raw_fulltext_redistribution_not_established
release_package/04_数据与知识资源/unstructured_pipeline_snapshot/batch3_large_90/selected_clean_txt_dedup/B3_FLAT_014_b91499b269.txt,11511,ac14cf335c1c48b1be2afc6c7cd481992845c35abce8ef11c78a5207dcc42654,third_party_raw_fulltext_redistribution_not_established
release_package/04_数据与知识资源/unstructured_pipeline_snapshot/batch3_large_90/selected_clean_txt_dedup/B3_FLAT_015_9a28e73759.txt,5464,85b99d38623d1813c526248943f9c725e2f51284b1b8fb615df589ec76c785a7,third_party_raw_fulltext_redistribution_not_established
release_package/04_数据与知识资源/unstructured_pipeline_snapshot/batch3_large_90/selected_clean_txt_dedup/B3_FLAT_016_c616f56f65.txt,6031,2494711eee59628b94a874ac4b13f353c6d5029a2847adff0f7b3a1855a6410e,third_party_raw_fulltext_redistribution_not_established
release_package/04_数据与知识资源/unstructured_pipeline_snapshot/batch3_large_90/selected_clean_txt_dedup/B3_FLAT_017_e69dc339c4.txt,3474,4c306c0a3705e8eb3728b68f626b74e5a1a10b455726f4ef3d62aea6f41efe06,third_party_raw_fulltext_redistribution_not_established
release_package/04_数据与知识资源/unstructured_pipeline_snapshot/batch3_large_90/selected_clean_txt_dedup/B3_FLAT_018_6741d7f672.txt,2961,98f43360a2a5fbf9235a1d8a8a53194dffcf5ac9c7d4b9e68442490ef53309cc,third_party_raw_fulltext_redistribution_not_established
release_package/04_数据与知识资源/unstructured_pipeline_snapshot/batch3_large_90/selected_clean_txt_dedup/B3_FLAT_019_5bc5fd9fdb.txt,14756,2b67a00471790b7d57e51e2698f4a705347e017c3a65502c39009f7b7821cea0,third_party_raw_fulltext_redistribution_not_established
release_package/04_数据与知识资源/unstructured_pipeline_snapshot/batch3_large_90/selected_clean_txt_dedup/B3_FLAT_020_490f4dcf6f.txt,4973,05b05d36c5238059486230b8efd4a1dd1571be5c23a7a07966e738b0fd6ca096,third_party_raw_fulltext_redistribution_not_established
release_package/04_数据与知识资源/unstructured_pipeline_snapshot/batch3_large_90/selected_clean_txt_dedup/B3_FLAT_021_c05e1fab5d.txt,3761,fcb0e4c3a1d59c470851172d1df60bcf80ef6815495409acd12d83e3baf6028d,third_party_raw_fulltext_redistribution_not_established
release_package/04_数据与知识资源/unstructured_pipeline_snapshot/batch3_large_90/selected_clean_txt_dedup/B3_FLAT_022_6fb1d2163b.txt,31330,db2b8f22cd867898537920c11bbfb6a7390091ef8af530ad123b938589d5917d,third_party_raw_fulltext_redistribution_not_established
release_package/04_数据与知识资源/unstructured_pipeline_snapshot/batch3_large_90/selected_clean_txt_dedup/B3_FLAT_023_7c81195495.txt,16892,cb1edcca62525f048a4366792abecccdc9bef79d6d61fcad782b350f70097bab,third_party_raw_fulltext_redistribution_not_established
release_package/04_数据与知识资源/unstructured_pipeline_snapshot/batch3_large_90/selected_clean_txt_dedup/B3_FLAT_024_f6e65a67c9.txt,23889,29e051c720646c06b2430d058fcb45c91c40a29fd936f5d548edd412c473181a,third_party_raw_fulltext_redistribution_not_established
release_package/04_数据与知识资源/unstructured_pipeline_snapshot/batch3_large_90/selected_clean_txt_dedup/B3_FLAT_025_6e55d681a3.txt,20447,602358bee6a5a3bd02b488e8b62c6ff18c063a086ff7f5dfb8649c219c6c82e6,third_party_raw_fulltext_redistribution_not_established
release_package/04_数据与知识资源/unstructured_pipeline_snapshot/batch3_large_90/selected_clean_txt_dedup/B3_FLAT_028_1b54fd6997.txt,23230,bfd6dfa127b7c39d48eeab58d7a7924c966a0cf9bf80cce75509c3517510ff31,third_party_raw_fulltext_redistribution_not_established
release_package/04_数据与知识资源/unstructured_pipeline_snapshot/batch3_large_90/selected_clean_txt_dedup/B3_FLAT_029_a756885ef2.txt,10358,51f112864943baf6902bac8f7938b008610437e6396c92db7045d3703ec05488,third_party_raw_fulltext_redistribution_not_established
release_package/04_数据与知识资源/unstructured_pipeline_snapshot/batch3_large_90/selected_clean_txt_dedup/B3_FLAT_030_95b4e21021.txt,11298,46c9e72a76459623566851df040e638679306606770c00538586abd5a8d58823,third_party_raw_fulltext_redistribution_not_established
release_package/04_数据与知识资源/unstructured_pipeline_snapshot/batch3_large_90/selected_clean_txt_dedup/B3_FLAT_031_254b61b86a.txt,6137,f4fa1404c1e8fe91661a8a394ebd33a5320724a7e08f27e67d22a7b63d701ecc,third_party_raw_fulltext_redistribution_not_established
release_package/04_数据与知识资源/unstructured_pipeline_snapshot/batch3_large_90/selected_clean_txt_dedup/B3_FLAT_032_c97d2d6fec.txt,4025,c939ff3395792653b31ed39d634b0c62dc61765b14fc3e8aff3ed5eb776ecd81,third_party_raw_fulltext_redistribution_not_established
release_package/04_数据与知识资源/unstructured_pipeline_snapshot/batch3_large_90/selected_clean_txt_dedup/B3_FLAT_033_83a4e19c86.txt,4135,9463ed14f86d9d3e10006e1ddeb7a7fb51f3310b64cd47fb3c9adc3012cc11e2,third_party_raw_fulltext_redistribution_not_established
release_package/04_数据与知识资源/unstructured_pipeline_snapshot/batch3_large_90/selected_clean_txt_dedup/B3_FLAT_034_9bacb42c49.txt,4311,0b966e6ebb86cb167b393a0e825f810246bb133d9358171413ac296c55c3f2bb,third_party_raw_fulltext_redistribution_not_established
release_package/04_数据与知识资源/unstructured_pipeline_snapshot/batch3_large_90/selected_clean_txt_dedup/B3_FLAT_035_c39cb9360d.txt,5472,58e4b19b1541a1dfb91a8d5be0b0231c9bf4b5445653ac66516106b06273a1f8,third_party_raw_fulltext_redistribution_not_established
release_package/04_数据与知识资源/unstructured_pipeline_snapshot/batch3_large_90/selected_clean_txt_dedup/B3_FLAT_036_13970d32a1.txt,4719,ba1445d7f3f177c03abc94c8231471acb0fde02fb61dfa6828dd2e5737c673aa,third_party_raw_fulltext_redistribution_not_established
release_package/04_数据与知识资源/unstructured_pipeline_snapshot/batch3_large_90/selected_clean_txt_dedup/B3_FLAT_037_a03d64780e.txt,10406,32baf26ff98c644f74c8a360fdaa6eaae99865080ef0aadab969aee34f242a82,third_party_raw_fulltext_redistribution_not_established
release_package/04_数据与知识资源/unstructured_pipeline_snapshot/batch3_large_90/selected_clean_txt_dedup/B3_FLAT_038_2266067bbc.txt,11339,4a0255681baefc90e44756dae7e4775d24c13d708b36f48a2bac672002ffd8d7,third_party_raw_fulltext_redistribution_not_established
release_package/04_数据与知识资源/unstructured_pipeline_snapshot/batch3_large_90/selected_clean_txt_dedup/B3_FLAT_039_1b0c8d6063.txt,9388,3bfa3c06f8dab59da22b0e34d12d41b63765fa9a6da5f35a98969c6bd60d522b,third_party_raw_fulltext_redistribution_not_established
release_package/04_数据与知识资源/unstructured_pipeline_snapshot/batch3_large_90/selected_clean_txt_dedup/B3_FLAT_040_26e7fafce9.txt,3999,3efe7cc94c6b630a9949dbcd52084439b8ce332b277d8b9f462dce2c586469b8,third_party_raw_fulltext_redistribution_not_established
release_package/04_数据与知识资源/unstructured_pipeline_snapshot/batch3_large_90/selected_clean_txt_dedup/B3_FLAT_041_2fa8fd2c3c.txt,5175,63cd86a5aeb2d3725db1f9ee78d5365141e878b42ff3da5c273b55b703706a6a,third_party_raw_fulltext_redistribution_not_established
release_package/04_数据与知识资源/unstructured_pipeline_snapshot/batch3_large_90/selected_clean_txt_dedup/B3_FLAT_042_3686f634ad.txt,3847,5eda7c447405cd15f7b0c18dbe6a46cd49df2ea71f8a8c720f23358dd9114365,third_party_raw_fulltext_redistribution_not_established
release_package/04_数据与知识资源/unstructured_pipeline_snapshot/batch3_large_90/selected_clean_txt_dedup/B3_FLAT_043_576dce972b.txt,4506,85ebf841459457168e55ff19f67f2133d1c6074c40e67da5e8d61e79ff50a66c,third_party_raw_fulltext_redistribution_not_established
release_package/04_数据与知识资源/unstructured_pipeline_snapshot/batch3_large_90/selected_clean_txt_dedup/B3_FLAT_044_679b07118f.txt,5153,39c76ed6efd693521aab4a924f9502fbb83c6948444c33b0217addc4bacc817e,third_party_raw_fulltext_redistribution_not_established
release_package/04_数据与知识资源/unstructured_pipeline_snapshot/batch3_large_90/selected_clean_txt_dedup/B3_FLAT_045_6d6fedc6d8.txt,5406,695b67c5175c72e6491779d64250614481198fef4ec7d40d8031edd073c1173a,third_party_raw_fulltext_redistribution_not_established
release_package/04_数据与知识资源/unstructured_pipeline_snapshot/batch3_large_90/selected_clean_txt_dedup/B3_FLAT_046_fbd1fdd911.txt,5248,3b06feb9dad2626d33dafc908c874c856b24e462fa526c38b79ce7ffea10f6f4,third_party_raw_fulltext_redistribution_not_established
release_package/04_数据与知识资源/unstructured_pipeline_snapshot/batch3_large_90/selected_clean_txt_dedup/B3_FLAT_047_29b1ce36a9.txt,5063,833f7251f53fd13bfde7be68cfbd8f5cdceb640ae6cdac46b8ca326545182828,third_party_raw_fulltext_redistribution_not_established
release_package/04_数据与知识资源/unstructured_pipeline_snapshot/batch3_large_90/selected_clean_txt_dedup/B3_FLAT_048_694266155a.txt,5244,a08cbbe2fd572c43c8ab60f43d052cf74a707e566d845ef4918b02cfcb7fed1b,third_party_raw_fulltext_redistribution_not_established
release_package/04_数据与知识资源/unstructured_pipeline_snapshot/batch3_large_90/selected_clean_txt_dedup/B3_FLAT_049_4c0a32e632.txt,5150,093153ef31cca110a255277e7f58cf7dda46c3d95fc4d003ce72b2c90a352c15,third_party_raw_fulltext_redistribution_not_established
release_package/04_数据与知识资源/unstructured_pipeline_snapshot/batch3_large_90/selected_clean_txt_dedup/B3_FLAT_050_e0330e4c32.txt,12547,4c045de76f4518c384d9c5a538c5c88a7615d524938d98a6defc0295e5f8e003,third_party_raw_fulltext_redistribution_not_established
release_package/04_数据与知识资源/unstructured_pipeline_snapshot/batch3_large_90/selected_clean_txt_dedup/B3_FLAT_051_b5df97edb1.txt,18403,8bbe77c41f09dc873ad491836823780a0ed6934cbb9dd1a356f45a9c159ce58e,third_party_raw_fulltext_redistribution_not_established
release_package/04_数据与知识资源/unstructured_pipeline_snapshot/batch3_large_90/selected_clean_txt_dedup/B3_FLAT_052_b822ff8c5b.txt,21436,cd0d01dc8c7fba95cdde4d91f550fb9cd291a3162e4f16dd4d5742e1d6169a6a,third_party_raw_fulltext_redistribution_not_established
release_package/04_数据与知识资源/unstructured_pipeline_snapshot/batch3_large_90/selected_clean_txt_dedup/B3_FLAT_053_470729d0e8.txt,7045,38d502365dbd26a883c9935553ec2db534105ed15cd0d6d7e5468423619b675b,third_party_raw_fulltext_redistribution_not_established
release_package/04_数据与知识资源/unstructured_pipeline_snapshot/clean_docs/V1U_DOC_001_中国银行甘肃省分行赋能地方高质量发展纪实.txt,14338,282543d454d005ed19ebf2231168954899abe0ff62ec1d2cded2d1be514348d9,third_party_raw_fulltext_redistribution_not_established
release_package/04_数据与知识资源/unstructured_pipeline_snapshot/clean_docs/V1U_DOC_002_【科技日报】甘肃：科技金融护航科技企业发展.txt,8011,0d0ddcfb4aa3688397d788082acda183647a7bad5148c142c08cacea81963638,third_party_raw_fulltext_redistribution_not_established
release_package/04_数据与知识资源/unstructured_pipeline_snapshot/clean_docs/V1U_DOC_003_【视听甘肃】甘肃持续推动科技金融协同发展.txt,3830,891437fd4d2211b441d9825d3ccabc0624fd18e0516ff53d0390554d34077343,third_party_raw_fulltext_redistribution_not_established
release_package/04_数据与知识资源/unstructured_pipeline_snapshot/clean_docs/V1U_DOC_004_【视听甘肃】甘肃省推出20亿元再贷款助力科技型小微企业.txt,1625,17b4819d808918e631ff9adc82bf1a48b0928145b41f6608d9182b41c29aeaec,third_party_raw_fulltext_redistribution_not_established
release_package/04_数据与知识资源/unstructured_pipeline_snapshot/clean_docs/V1U_DOC_005_甘南：州科技局联合甘肃邮政储蓄银行甘南州分行召开科技型企业融资座谈会.txt,2672,ef6274c5b61ad6587c1b8139ec106c92a347c27b8dd79e7961ef3f93e821fc24,third_party_raw_fulltext_redistribution_not_established
release_package/04_数据与知识资源/unstructured_pipeline_snapshot/clean_docs/V1U_DOC_006_金昌：向“新”而行，以“质”致远——金昌市强科技驱动高质量发展纪实.txt,10276,0d2d1b967de1d2d9e8be4a77bb06d5f8bca40ce6aa732e2159c857279061d79c,third_party_raw_fulltext_redistribution_not_established
release_package/04_数据与知识资源/unstructured_pipeline_snapshot/clean_docs/V1U_DOC_007_金融监管总局、科技部、国家发展改革委联合发布《银行业保险业科技金融高质量发展实施方案》.txt,18254,0a9a21f9da3b4114611e4fe539612b3839e1778727513a5d19a0677f4db15b58,third_party_raw_fulltext_redistribution_not_established
release_package/04_数据与知识资源/unstructured_pipeline_snapshot/clean_docs/V1U_DOC_008_银行业保险业支持科技创新“施工图”公布.txt,2812,c0d0547aa2843f80c3c67f01d0a55e6674eea29dfdfbc28b9ab81258e6c987ab,third_party_raw_fulltext_redistribution_not_established
release_package/04_数据与知识资源/unstructured_pipeline_snapshot/clean_docs/V1U_DOC_009_甘肃：做好科技金融大文章_为科技创新注入金融动能.txt,4849,80016003efd996b6035ede47f5f7d3131a2cddabf153e5324ac437a51b342859,third_party_raw_fulltext_redistribution_not_established
release_package/04_数据与知识资源/unstructured_pipeline_snapshot/clean_docs/V1U_DOC_010_金融监管总局、科技部、国家发展改革委有关司局负责人就《银行业保险业科技金融高质量发展实施方案》答记者问-政策解读.txt,6558,dd1747ef64d2215715b8c0a71578d0acd9a1a34b03239c78f96ba994425dd0fb,third_party_raw_fulltext_redistribution_not_established
release_package/04_数据与知识资源/unstructured_pipeline_snapshot/raw_docs/DOC_REVIEW_003_甘肃：做好科技金融大文章_为科技创新注入金融动能.html,33627,c904ebc5ca505a17bb35e25514b3c45a9f68e056eb51b4d35357a2459e4918ff,third_party_raw_fulltext_redistribution_not_established
release_package/04_数据与知识资源/unstructured_pipeline_snapshot/raw_docs/raw_docs_manifest.jsonl,830,f002fb73cad3d8c5e58efcf6af5155167cec4538832405df81edce63a46082e6,third_party_raw_fulltext_redistribution_not_established
release_package/04_数据与知识资源/unstructured_pipeline_snapshot/raw_docs_manual/中国银行甘肃省分行赋能地方高质量发展纪实_部门动态_甘肃省人民政府门户.html,93878,3db8d5d94db020e82de2c3622750e1332e722f36ed2e3db1f401940629765f0a,third_party_raw_fulltext_redistribution_not_established
release_package/04_数据与知识资源/unstructured_pipeline_snapshot/raw_docs_manual/中国银行甘肃省分行赋能地方高质量发展纪实_部门动态_甘肃省人民政府门户.pdf,991965,c68ef7b6dd6c27ee448e089bfd40553c793914de2c9c7cd113c7fd71278a2d36,third_party_raw_fulltext_redistribution_not_established
release_package/04_数据与知识资源/unstructured_pipeline_snapshot/raw_docs_manual/甘肃省科学技术厅 - 【科技日报】甘肃：科技金融护航科技企业发展.html,84246,0d79d50cfcbeff67234b4c0925ee38cb2ff531c6dcb5b8b5de10eaad31214b3a,third_party_raw_fulltext_redistribution_not_established
release_package/04_数据与知识资源/unstructured_pipeline_snapshot/raw_docs_manual/甘肃省科学技术厅 - 【科技日报】甘肃：科技金融护航科技企业发展.pdf,392138,79f969e954bae6953ebd9de8e264781ce3880ae58b540cb014db733dec5f035d,third_party_raw_fulltext_redistribution_not_established
release_package/04_数据与知识资源/unstructured_pipeline_snapshot/raw_docs_manual/甘肃省科学技术厅 - 【视听甘肃】甘肃持续推动科技金融协同发展.html,78468,94b77cbeb92370fecf5bf25af4062681c40180ceb19520688b20fa719a72252b,third_party_raw_fulltext_redistribution_not_established
release_package/04_数据与知识资源/unstructured_pipeline_snapshot/raw_docs_manual/甘肃省科学技术厅 - 【视听甘肃】甘肃持续推动科技金融协同发展.pdf,413239,2a79d5d2d727c2290c62939b07cfd54fe0847e0cf5138f28f74a4ea60c2be9a3,third_party_raw_fulltext_redistribution_not_established
release_package/04_数据与知识资源/unstructured_pipeline_snapshot/raw_docs_manual/甘肃省科学技术厅 - 【视听甘肃】甘肃省推出20亿元再贷款助力科技型小微企业.html,94329,536193a2b3fcfd51cd92343a9d571995c630713d9b76a258671eaa4d48221e53,third_party_raw_fulltext_redistribution_not_established
release_package/04_数据与知识资源/unstructured_pipeline_snapshot/raw_docs_manual/甘肃省科学技术厅 - 【视听甘肃】甘肃省推出20亿元再贷款助力科技型小微企业.pdf,5442032,0931d1ef847ca973be544195bbb66a1678a4f18adb748741f532aa0e712dd065,third_party_raw_fulltext_redistribution_not_established
release_package/04_数据与知识资源/unstructured_pipeline_snapshot/raw_docs_manual/甘肃省科学技术厅 - 甘南：州科技局联合甘肃邮政储蓄银行甘南州分行召开科技型企业融资座谈会.html,78626,b511c5cf3a606a0c528736c0a93493eae3d1ab33274a2fe7e83fff395fbe1c24,third_party_raw_fulltext_redistribution_not_established
release_package/04_数据与知识资源/unstructured_pipeline_snapshot/raw_docs_manual/甘肃省科学技术厅 - 金昌：向“新”而行，以“质”致远——金昌市强科技驱动高质量发展纪实.html,88055,df6f48901f5c7a76f8799c781c03f098d3bbec6b1a9405803da375eec67667d1,third_party_raw_fulltext_redistribution_not_established
release_package/04_数据与知识资源/unstructured_pipeline_snapshot/raw_docs_manual/甘肃省科学技术厅 - 金昌：向“新”而行，以“质”致远——金昌市强科技驱动高质量发展纪实.pdf,489716,d44a7d8929181b0b708d6ebc545e109e4aa2a74b1c1b63b88f4ad926ce443aab,third_party_raw_fulltext_redistribution_not_established
release_package/04_数据与知识资源/unstructured_pipeline_snapshot/raw_docs_manual/甘肃省科学技术厅 - 金融监管总局、科技部、国家发展改革委联合发布《银行业保险业科技金融高质量发展实施方案》.html,98851,f244228bc4cf1d639225696fd04eb858bb90d818be27bdcaa72846db37b72c99,third_party_raw_fulltext_redistribution_not_established
release_package/04_数据与知识资源/unstructured_pipeline_snapshot/raw_docs_manual/甘肃省科学技术厅 - 银行业保险业支持科技创新“施工图”公布.html,77622,799edd43bb0de4483e702805ffb417550548be304d492df6e3ff37a2d59fbdf8,third_party_raw_fulltext_redistribution_not_established
release_package/04_数据与知识资源/unstructured_pipeline_snapshot/raw_docs_manual/甘肃：做好科技金融大文章 为科技创新注入金融动能.html,30492,acb375092a72f5281d6edc8471bab5220a2657020fe9ee741d52293d888ad3a3,third_party_raw_fulltext_redistribution_not_established
release_package/04_数据与知识资源/unstructured_pipeline_snapshot/raw_docs_manual/甘肃：做好科技金融大文章 为科技创新注入金融动能.pdf,542956,5ea538b0d2c60299dfa461c2ea0e1c4118b5cedd07d56914dbd3fafa8060655c,third_party_raw_fulltext_redistribution_not_established
release_package/04_数据与知识资源/unstructured_pipeline_snapshot/raw_docs_manual/金融监管总局、科技部、国家发展改革委有关司局负责人就《银行业保险业科技金融高质量发展实施方案》答记者问-政策解读.html,76925,f806f9eceb46ebe0a4ba33d54dfa5f75b2be3b97b73cd9c2984b095e198e7c8d,third_party_raw_fulltext_redistribution_not_established
release_package/04_数据与知识资源/unstructured_pipeline_snapshot/raw_docs_stage1_html_pdf/中国银行甘肃省分行赋能地方高质量发展纪实_部门动态_甘肃省人民政府门户.html,93878,3db8d5d94db020e82de2c3622750e1332e722f36ed2e3db1f401940629765f0a,third_party_raw_fulltext_redistribution_not_established
release_package/04_数据与知识资源/unstructured_pipeline_snapshot/raw_docs_stage1_html_pdf/中国银行甘肃省分行赋能地方高质量发展纪实_部门动态_甘肃省人民政府门户.pdf,991965,c68ef7b6dd6c27ee448e089bfd40553c793914de2c9c7cd113c7fd71278a2d36,third_party_raw_fulltext_redistribution_not_established
release_package/04_数据与知识资源/unstructured_pipeline_snapshot/raw_docs_stage1_html_pdf/甘肃省科学技术厅 - 【科技日报】甘肃：科技金融护航科技企业发展.html,84246,0d79d50cfcbeff67234b4c0925ee38cb2ff531c6dcb5b8b5de10eaad31214b3a,third_party_raw_fulltext_redistribution_not_established
release_package/04_数据与知识资源/unstructured_pipeline_snapshot/raw_docs_stage1_html_pdf/甘肃省科学技术厅 - 【科技日报】甘肃：科技金融护航科技企业发展.pdf,392138,79f969e954bae6953ebd9de8e264781ce3880ae58b540cb014db733dec5f035d,third_party_raw_fulltext_redistribution_not_established
release_package/04_数据与知识资源/unstructured_pipeline_snapshot/raw_docs_stage1_html_pdf/甘肃省科学技术厅 - 【视听甘肃】甘肃持续推动科技金融协同发展.html,78468,94b77cbeb92370fecf5bf25af4062681c40180ceb19520688b20fa719a72252b,third_party_raw_fulltext_redistribution_not_established
release_package/04_数据与知识资源/unstructured_pipeline_snapshot/raw_docs_stage1_html_pdf/甘肃省科学技术厅 - 【视听甘肃】甘肃持续推动科技金融协同发展.pdf,413239,2a79d5d2d727c2290c62939b07cfd54fe0847e0cf5138f28f74a4ea60c2be9a3,third_party_raw_fulltext_redistribution_not_established
release_package/04_数据与知识资源/unstructured_pipeline_snapshot/raw_docs_stage1_html_pdf/甘肃省科学技术厅 - 【视听甘肃】甘肃省推出20亿元再贷款助力科技型小微企业.html,94329,536193a2b3fcfd51cd92343a9d571995c630713d9b76a258671eaa4d48221e53,third_party_raw_fulltext_redistribution_not_established
release_package/04_数据与知识资源/unstructured_pipeline_snapshot/raw_docs_stage1_html_pdf/甘肃省科学技术厅 - 【视听甘肃】甘肃省推出20亿元再贷款助力科技型小微企业.pdf,5442032,0931d1ef847ca973be544195bbb66a1678a4f18adb748741f532aa0e712dd065,third_party_raw_fulltext_redistribution_not_established
release_package/04_数据与知识资源/unstructured_pipeline_snapshot/raw_docs_stage1_html_pdf/甘肃省科学技术厅 - 甘南：州科技局联合甘肃邮政储蓄银行甘南州分行召开科技型企业融资座谈会.html,78626,b511c5cf3a606a0c528736c0a93493eae3d1ab33274a2fe7e83fff395fbe1c24,third_party_raw_fulltext_redistribution_not_established
release_package/04_数据与知识资源/unstructured_pipeline_snapshot/raw_docs_stage1_html_pdf/甘肃省科学技术厅 - 金昌：向“新”而行，以“质”致远——金昌市强科技驱动高质量发展纪实.html,88055,df6f48901f5c7a76f8799c781c03f098d3bbec6b1a9405803da375eec67667d1,third_party_raw_fulltext_redistribution_not_established
release_package/04_数据与知识资源/unstructured_pipeline_snapshot/raw_docs_stage1_html_pdf/甘肃省科学技术厅 - 金昌：向“新”而行，以“质”致远——金昌市强科技驱动高质量发展纪实.pdf,489716,d44a7d8929181b0b708d6ebc545e109e4aa2a74b1c1b63b88f4ad926ce443aab,third_party_raw_fulltext_redistribution_not_established
release_package/04_数据与知识资源/unstructured_pipeline_snapshot/raw_docs_stage1_html_pdf/甘肃省科学技术厅 - 金融监管总局、科技部、国家发展改革委联合发布《银行业保险业科技金融高质量发展实施方案》.html,98851,f244228bc4cf1d639225696fd04eb858bb90d818be27bdcaa72846db37b72c99,third_party_raw_fulltext_redistribution_not_established
release_package/04_数据与知识资源/unstructured_pipeline_snapshot/raw_docs_stage1_html_pdf/甘肃省科学技术厅 - 银行业保险业支持科技创新“施工图”公布.html,77622,799edd43bb0de4483e702805ffb417550548be304d492df6e3ff37a2d59fbdf8,third_party_raw_fulltext_redistribution_not_established
release_package/04_数据与知识资源/unstructured_pipeline_snapshot/raw_docs_stage1_html_pdf/甘肃：做好科技金融大文章 为科技创新注入金融动能.html,30492,acb375092a72f5281d6edc8471bab5220a2657020fe9ee741d52293d888ad3a3,third_party_raw_fulltext_redistribution_not_established
release_package/04_数据与知识资源/unstructured_pipeline_snapshot/raw_docs_stage1_html_pdf/甘肃：做好科技金融大文章 为科技创新注入金融动能.pdf,542956,5ea538b0d2c60299dfa461c2ea0e1c4118b5cedd07d56914dbd3fafa8060655c,third_party_raw_fulltext_redistribution_not_established
release_package/04_数据与知识资源/unstructured_pipeline_snapshot/raw_docs_stage1_html_pdf/金融监管总局、科技部、国家发展改革委有关司局负责人就《银行业保险业科技金融高质量发展实施方案》答记者问-政策解读.html,76925,f806f9eceb46ebe0a4ba33d54dfa5f75b2be3b97b73cd9c2984b095e198e7c8d,third_party_raw_fulltext_redistribution_not_established
